1.0,34,14,2.30304,1511811270.95
64.0,34,14,2.26279,1511811271.39
85.0,34,14,4.94535,1511811271.87
109.0,34,14,2.19686,1511811273.39
176.0,34,14,2.24072,1511811274.2
214.0,34,14,2.18011,1511811275.18
254.0,34,14,2.11224,1511811275.58
278.0,34,14,2.03262,1511811276.45
313.0,34,14,2.10893,1511811277.31
348.0,34,14,2.01391,1511811278.03
374.0,34,14,2.04655,1511811280.09
459.0,34,14,2.08955,1511811281.12
504.0,34,14,2.27767,1511811282.06
542.0,34,14,2.22286,1511811283.48
591.0,34,14,2.20604,1511811284.03
619.0,34,14,2.16048,1511811284.48
634.0,34,14,2.19491,1511811285.29
673.0,34,14,2.09988,1511811285.8
696.0,34,14,2.06098,1511811286.55
723.0,34,14,2.01281,1511811287.2
757.0,34,14,1.96585,1511811288.09
792.0,34,14,2.31112,1511811289.04
829.0,34,14,2.09927,1511811289.85
853.0,34,14,2.37634,1511811290.46
884.0,34,14,2.17648,1511811290.89
903.0,34,14,2.21597,1511811291.54
924.0,34,14,2.19672,1511811292.18
949.0,34,14,2.12666,1511811292.8
980.0,34,14,2.02781,1511811293.92
1017.0,34,14,1.95208,1511811294.58
1040.0,34,14,1.99677,1511811295.38
1073.0,34,14,1.97096,1511811296.0
1099.0,34,14,1.96407,1511811296.49
1120.0,34,14,2.11979,1511811297.04
1143.0,34,14,1.95583,1511811298.42
1201.0,34,14,2.09309,1511811299.91
1263.0,34,14,2.0379,1511811300.93
1297.0,34,14,2.0333,1511811301.53
1321.0,34,14,1.9653,1511811302.54
1370.0,34,14,1.98378,1511811303.09
1386.0,34,14,1.99186,1511811304.04
1428.0,34,14,2.03237,1511811305.19
1470.0,34,14,2.20053,1511811305.64
1486.0,34,14,2.02536,1511811306.23
1517.0,34,14,1.96418,1511811306.87
1545.0,34,14,2.04082,1511811307.7
1579.0,34,14,1.98787,1511811308.98
1633.0,34,14,1.94236,1511811310.16
1677.0,34,14,2.0498,1511811310.63
1701.0,34,14,1.93339,1511811311.04
1719.0,34,14,2.03111,1511811311.83
1752.0,34,14,2.06591,1511811312.4
1779.0,34,14,2.04254,1511811313.19
1808.0,34,14,1.93552,1511811314.03
1846.0,34,14,2.0449,1511811315.07
1893.0,34,14,1.90535,1511811315.59
1914.0,34,14,1.87998,1511811316.24
1947.0,34,14,1.82444,1511811316.67
1968.0,34,14,1.82832,1511811317.64
2008.0,34,14,1.91832,1511811318.63
2015.0,34,14,1.90995,1511811319.7
2060.0,34,14,1.9916,1511811320.34
2092.0,34,14,2.02954,1511811321.03
2119.0,34,14,1.982,1511811321.79
2148.0,34,14,1.85104,1511811322.56
2176.0,34,14,1.82208,1511811322.96
2195.0,34,14,1.84416,1511811324.09
2248.0,34,14,1.8154,1511811324.74
2264.0,34,14,2.02525,1511811325.69
2299.0,34,14,1.95518,1511811326.07
2318.0,34,14,1.85518,1511811326.49
2344.0,34,14,1.87043,1511811328.4
2418.0,34,14,1.91817,1511811329.21
2449.0,34,14,1.74615,1511811329.77
2470.0,34,14,1.74876,1511811330.43
2501.0,34,14,2.10313,1511811330.95
2519.0,34,14,1.83078,1511811331.99
2562.0,34,14,1.94404,1511811332.46
2584.0,34,14,1.92306,1511811332.9
2604.0,34,14,1.83178,1511811334.34
2662.0,34,14,1.74613,1511811335.41
2705.0,34,14,1.68405,1511811335.81
2726.0,34,14,1.88299,1511811336.46
2751.0,34,14,1.87136,1511811337.4
2793.0,34,14,1.94063,1511811337.94
2819.0,34,14,1.81453,1511811338.73
2850.0,34,14,1.72831,1511811339.2
2867.0,34,14,1.79903,1511811340.33
2913.0,34,14,1.77323,1511811340.82
2934.0,34,14,1.77987,1511811341.61
2965.0,34,14,1.84463,1511811342.78
3015.0,34,14,1.90392,1511811343.25
3032.0,34,14,1.74754,1511811343.66
3055.0,34,14,1.93247,1511811344.12
3075.0,34,14,1.86521,1511811344.69
3095.0,34,14,1.78939,1511811346.05
3148.0,34,14,1.77481,1511811346.88
3180.0,34,14,1.72278,1511811347.65
3209.0,34,14,1.83157,1511811348.06
3234.0,34,14,1.86419,1511811348.87
3260.0,34,14,1.9059,1511811350.05
3313.0,34,14,1.75547,1511811350.93
3352.0,34,14,1.77111,1511811351.81
3383.0,34,14,1.66002,1511811352.2
3402.0,34,14,1.60396,1511811353.02
3432.0,34,14,1.68994,1511811353.42
3450.0,34,14,1.70332,1511811353.95
3478.0,34,14,1.68227,1511811355.05
3524.0,34,14,1.6081,1511811355.94
3567.0,34,14,1.87869,1511811356.43
3583.0,34,14,1.65221,1511811356.83
3602.0,34,14,1.72801,1511811357.25
3625.0,34,14,1.73899,1511811357.84
3645.0,34,14,1.70273,1511811358.4
3675.0,34,14,1.70509,1511811360.43
3755.0,34,14,1.73698,1511811361.09
3779.0,34,14,1.68721,1511811361.64
3804.0,34,14,2.06786,1511811362.3
3826.0,34,14,1.71706,1511811362.7
3851.0,34,14,1.87136,1511811364.04
3906.0,34,14,1.77983,1511811364.77
3934.0,34,14,1.63599,1511811365.86
3975.0,34,14,1.60818,1511811366.6
4008.0,34,14,1.51289,1511811367.32
4036.0,34,14,1.53989,1511811367.69
4060.0,34,14,1.60682,1511811368.25
4079.0,34,14,1.70301,1511811368.68
4097.0,34,14,1.57881,1511811369.67
4134.0,34,14,1.69506,1511811370.56
4175.0,34,14,1.54249,1511811371.01
4199.0,34,14,1.62349,1511811371.87
4233.0,34,14,1.75709,1511811372.56
4260.0,34,14,1.79952,1511811373.09
4290.0,34,14,1.77712,1511811374.47
4347.0,34,14,1.78496,1511811376.01
4407.0,34,14,1.80111,1511811376.87
4445.0,34,14,1.70951,1511811377.57
4480.0,34,14,1.58715,1511811378.58
4521.0,34,14,1.67848,1511811379.23
4548.0,34,14,1.55814,1511811379.79
4576.0,34,14,1.67884,1511811380.41
4604.0,34,14,1.65095,1511811380.98
4624.0,34,14,1.47897,1511811381.87
4661.0,34,14,1.73865,1511811382.56
4686.0,34,14,1.47612,1511811383.22
4718.0,34,14,1.40343,1511811383.88
4741.0,34,14,1.50157,1511811384.33
4763.0,34,14,1.52292,1511811385.33
4798.0,34,14,1.53718,1511811385.84
4826.0,34,14,1.53043,1511811387.2
4886.0,34,14,1.6541,1511811388.07
4926.0,34,14,1.614,1511811388.89
4956.0,34,14,1.51919,1511811389.43
4978.0,34,14,1.58423,1511811390.65
5029.0,34,14,1.58261,1511811391.19
5043.0,34,14,1.61531,1511811391.81
5072.0,34,14,1.72478,1511811392.68
5110.0,34,14,1.66276,1511811393.42
5133.0,34,14,1.57186,1511811394.03
5166.0,34,14,1.59793,1511811394.62
5184.0,34,14,1.55515,1511811395.09
5209.0,34,14,1.62568,1511811396.05
5249.0,34,14,1.5818,1511811397.01
5286.0,34,14,1.55006,1511811397.41
5308.0,34,14,1.7016,1511811398.49
5361.0,34,14,1.75504,1511811399.12
5378.0,34,14,1.58116,1511811399.81
5406.0,34,14,1.52371,1511811400.22
5430.0,34,14,1.66968,1511811401.27
5477.0,34,14,1.59306,1511811402.85
5542.0,34,14,1.44508,1511811403.76
5582.0,34,14,1.41558,1511811404.47
5613.0,34,14,1.43614,1511811404.88
5632.0,34,14,1.58655,1511811405.74
5668.0,34,14,1.51113,1511811406.43
5691.0,34,14,1.43893,1511811406.94
5718.0,34,14,1.43935,1511811407.81
5757.0,34,14,1.50284,1511811409.14
5804.0,34,14,1.62538,1511811409.92
5829.0,34,14,1.55466,1511811410.69
5862.0,34,14,1.58832,1511811411.13
5883.0,34,14,1.55239,1511811412.52
5933.0,34,14,1.63015,1511811413.77
5971.0,34,14,1.5187,1511811414.39
5988.0,34,14,1.32574,1511811415.24
6025.0,34,14,1.49381,1511811415.87
6052.0,34,14,1.37274,1511811416.53
6084.0,34,14,1.56232,1511811417.5
6116.0,34,14,1.55331,1511811418.28
6147.0,34,14,1.65642,1511811419.06
6179.0,34,14,1.55992,1511811419.86
6213.0,34,14,1.48747,1511811421.23
6267.0,34,14,1.57952,1511811422.23
6307.0,34,14,1.5288,1511811422.91
6343.0,34,14,1.46152,1511811423.7
6371.0,34,14,1.5278,1511811424.41
6400.0,34,14,1.32622,1511811425.04
6426.0,34,14,1.34726,1511811425.85
6455.0,34,14,1.41771,1511811426.79
6496.0,34,14,1.38937,1511811427.34
6520.0,34,14,1.54502,1511811428.11
6550.0,34,14,1.41597,1511811429.65
6606.0,34,14,1.46944,1511811430.47
6645.0,34,14,1.53365,1511811431.39
6684.0,34,14,1.78431,1511811431.94
6700.0,34,14,1.45373,1511811433.08
6758.0,34,14,1.32897,1511811434.02
6789.0,34,14,1.26267,1511811435.1
6830.0,34,14,1.33479,1511811436.25
6874.0,34,14,1.60058,1511811436.73
6894.0,34,14,1.39162,1511811437.14
6912.0,34,14,1.45143,1511811437.68
6937.0,34,14,1.51831,1511811438.27
6967.0,34,14,1.41005,1511811438.91
6991.0,34,14,1.53723,1511811439.35
7016.0,34,14,1.38351,1511811440.77
7067.0,34,14,1.45365,1511811441.28
7091.0,34,14,1.32761,1511811442.09
7114.0,34,14,1.60191,1511811442.78
7134.0,34,14,1.40995,1511811444.03
7193.0,34,14,1.59516,1511811444.98
7225.0,34,14,1.29065,1511811445.65
7258.0,34,14,1.55148,1511811446.84
7302.0,34,14,1.56375,1511811447.38
7329.0,34,14,1.30809,1511811448.25
7351.0,34,14,1.48908,1511811448.86
7378.0,34,14,1.34774,1511811449.4
7406.0,34,14,1.36713,1511811450.13
7434.0,34,14,1.45856,1511811451.09
7469.0,34,14,1.44229,1511811452.0
7512.0,34,14,1.43531,1511811452.96
7545.0,34,14,1.34234,1511811453.66
7583.0,34,14,1.49765,1511811454.21
7601.0,34,14,1.26409,1511811455.25
7647.0,34,14,1.36963,1511811456.09
7678.0,34,14,1.39367,1511811456.72
7704.0,34,14,1.46209,1511811457.22
7729.0,34,14,1.57574,1511811457.83
7751.0,34,14,1.49318,1511811458.4
7776.0,34,14,1.28839,1511811458.93
7802.0,34,14,1.2519,1511811459.51
7821.0,34,14,1.2955,1511811460.12
7849.0,34,14,1.4669,1511811460.53
7868.0,34,14,1.37393,1511811461.39
7905.0,34,14,1.27028,1511811461.92
7926.0,34,14,1.21678,1511811462.46
7952.0,34,14,1.30408,1511811463.07
7973.0,34,14,1.21105,1511811464.02
8020.0,34,14,1.36522,1511811464.95
8067.0,34,14,1.27,1511811466.49
8116.0,34,14,1.64847,1511811467.42
8157.0,34,14,1.37221,1511811467.82
8176.0,34,14,1.395,1511811469.43
8240.0,34,14,1.31305,1511811470.1
8266.0,34,14,1.4186,1511811470.59
8285.0,34,14,1.59429,1511811471.64
8325.0,34,14,1.4137,1511811472.9
8375.0,34,14,1.31462,1511811473.42
8394.0,34,14,1.35764,1511811474.74
8447.0,34,14,1.35618,1511811475.63
8482.0,34,14,1.27474,1511811476.53
8515.0,34,14,1.20225,1511811477.4
8550.0,34,14,1.26759,1511811477.97
8576.0,34,14,1.12678,1511811478.48
8595.0,34,14,1.24514,1511811479.37
8636.0,34,14,1.3626,1511811481.66
8736.0,34,14,1.23303,1511811482.23
8759.0,34,14,1.24866,1511811482.99
8784.0,34,14,1.33196,1511811484.19
8826.0,34,14,1.26612,1511811485.43
8876.0,34,14,1.28332,1511811486.56
8923.0,34,14,1.38101,1511811487.08
8952.0,34,14,1.24347,1511811487.64
8969.0,34,14,1.17872,1511811488.63
9014.0,34,14,1.25653,1511811489.05
9037.0,34,14,1.2487,1511811490.07
9079.0,34,14,1.44153,1511811490.79
9105.0,34,14,1.32442,1511811491.94
9147.0,34,14,1.35057,1511811492.59
9180.0,34,14,1.49837,1511811493.11
9198.0,34,14,1.33152,1511811494.47
9257.0,34,14,1.28438,1511811495.21
9288.0,34,14,1.25306,1511811495.66
9309.0,34,14,1.24521,1511811496.24
9335.0,34,14,1.30531,1511811496.78
9359.0,34,14,1.24771,1511811497.48
9391.0,34,14,1.14076,1511811497.89
9408.0,34,14,1.17954,1511811499.93
9492.0,34,14,1.12338,1511811500.49
9516.0,34,14,1.20145,1511811500.87
9525.0,34,14,1.15041,1511811501.55
9560.0,34,14,1.18982,1511811502.46
9599.0,34,14,1.3896,1511811503.29
9629.0,34,14,1.15003,1511811504.3
9673.0,34,14,1.34845,1511811505.0
9699.0,34,14,1.16853,1511811505.99
9739.0,34,14,1.30418,1511811506.67
9770.0,34,14,1.24085,1511811507.17
9790.0,34,14,1.19986,1511811507.77
9821.0,34,14,1.37362,1511811508.53
9848.0,34,14,1.2567,1511811509.59
9894.0,34,14,1.26286,1511811510.38
9925.0,34,14,1.18299,1511811512.02
9978.0,34,14,1.44452,1511811512.85
10013.0,34,14,1.19879,1511811513.48
10038.0,34,14,1.32371,1511811514.61
10086.0,34,14,1.39351,1511811515.91
10143.0,34,14,1.19339,1511811516.49
10177.0,34,14,1.2953,1511811517.14
10191.0,34,14,1.11553,1511811517.99
10226.0,34,14,1.17881,1511811518.69
10263.0,34,14,1.2827,1511811519.63
10301.0,34,14,1.19274,1511811520.19
10327.0,34,14,1.21154,1511811521.1
10362.0,34,14,1.26488,1511811522.75
10427.0,34,14,1.39411,1511811523.57
10465.0,34,14,1.14178,1511811524.06
10489.0,34,14,1.30885,1511811525.04
10523.0,34,14,1.31466,1511811525.84
10553.0,34,14,1.14203,1511811526.31
10577.0,34,14,1.27504,1511811526.81
10592.0,34,14,1.14074,1511811527.31
10617.0,34,14,1.18697,1511811527.96
10640.0,34,14,1.27138,1511811528.39
10654.0,34,14,1.08507,1511811529.57
10700.0,34,14,1.18553,1511811530.45
10736.0,34,14,1.15827,1511811531.01
10768.0,34,14,1.22531,1511811531.89
10803.0,34,14,1.24081,1511811532.98
10841.0,34,14,1.27393,1511811533.54
10867.0,34,14,1.21911,1511811534.14
10891.0,34,14,1.15663,1511811534.88
10920.0,34,14,1.18631,1511811536.19
10981.0,34,14,1.30516,1511811536.58
10997.0,34,14,1.20345,1511811537.67
11033.0,34,14,1.18408,1511811538.18
11061.0,34,14,1.14267,1511811538.84
11088.0,34,14,1.29791,1511811539.94
11126.0,34,14,1.38202,1511811540.63
11157.0,34,14,1.02487,1511811541.5
11194.0,34,14,0.967,1511811542.71
11248.0,34,14,1.00422,1511811543.47
11279.0,34,14,1.1035,1511811544.05
11307.0,34,14,1.18056,1511811544.79
11340.0,34,14,1.13768,1511811546.14
11395.0,34,14,1.17439,1511811546.9
11427.0,34,14,1.06842,1511811547.68
11455.0,34,14,1.28544,1511811548.15
11476.0,34,14,1.11984,1511811549.82
11545.0,34,14,1.05859,1511811550.31
11564.0,34,14,0.997454,1511811551.11
11602.0,34,14,1.18857,1511811551.87
11618.0,34,14,1.09697,1511811552.55
11655.0,34,14,1.28067,1511811553.13
11678.0,34,14,1.22847,1511811553.49
11692.0,34,14,1.30483,1511811554.17
11724.0,34,14,1.19245,1511811554.84
11749.0,34,14,1.27693,1511811555.3
11772.0,34,14,1.19052,1511811556.64
11825.0,34,14,1.31173,1511811557.45
11856.0,34,14,1.15924,1511811558.41
11901.0,34,14,1.21222,1511811559.56
11945.0,34,14,1.23895,1511811559.97
11964.0,34,14,1.05732,1511811561.87
12053.0,34,14,1.05816,1511811562.54
12074.0,34,14,1.051,1511811563.29
12110.0,34,14,1.05775,1511811564.93
12179.0,34,14,1.18507,1511811565.67
12205.0,34,14,1.06873,1511811566.11
12226.0,34,14,1.1729,1511811566.61
12249.0,34,14,1.06571,1511811566.98
12267.0,34,14,1.28278,1511811567.6
12296.0,34,14,1.20585,1511811568.17
12321.0,34,14,0.976023,1511811568.91
12352.0,34,14,1.12109,1511811570.17
12401.0,34,14,1.1815,1511811571.04
12443.0,34,14,1.18037,1511811571.83
12473.0,34,14,0.972781,1511811572.42
12499.0,34,14,1.12611,1511811573.05
12528.0,34,14,1.15907,1511811574.2
12564.0,34,14,1.16086,1511811575.68
12629.0,34,14,1.24381,1511811576.29
12647.0,34,14,1.10657,1511811576.69
12670.0,34,14,1.16264,1511811577.29
12695.0,34,14,1.17186,1511811577.94
12727.0,34,14,1.19923,1511811579.01
12766.0,34,14,1.2594,1511811579.65
12794.0,34,14,1.04001,1511811580.11
12812.0,34,14,1.1601,1511811580.52
12829.0,34,14,1.02807,1511811581.14
12859.0,34,14,1.22835,1511811581.77
12883.0,34,14,1.06734,1511811582.37
12911.0,34,14,0.995116,1511811582.79
12926.0,34,14,1.13737,1511811584.04
12975.0,34,14,0.989563,1511811584.74
13006.0,34,14,1.00089,1511811585.48
13040.0,34,14,1.28843,1511811587.01
13070.0,34,14,1.25199,1511811587.49
13082.0,34,14,1.00457,1511811587.9
13105.0,34,14,1.39469,1511811588.49
13122.0,34,14,1.21397,1511811589.6
13174.0,34,14,1.16667,1511811590.25
13200.0,34,14,1.2089,1511811590.63
13221.0,34,14,1.11961,1511811591.07
13238.0,34,14,1.21248,1511811591.66
13263.0,34,14,1.10462,1511811592.81
13318.0,34,14,1.35881,1511811593.5
13340.0,34,14,1.02656,1511811593.91
13362.0,34,14,1.21849,1511811595.14
13409.0,34,14,1.14065,1511811596.14
13457.0,34,14,1.0246,1511811596.94
13485.0,34,14,0.980631,1511811597.95
13530.0,34,14,0.939492,1511811598.52
13558.0,34,14,1.16293,1511811599.13
13584.0,34,14,1.09249,1511811599.75
13609.0,34,14,1.125,1511811600.69
13651.0,34,14,1.05112,1511811601.35
13679.0,34,14,0.947289,1511811602.6
13736.0,34,14,1.16078,1511811603.14
13763.0,34,14,1.1348,1511811603.71
13784.0,34,14,1.0254,1511811604.6
13827.0,34,14,0.995825,1511811605.17
13844.0,34,14,1.00037,1511811605.8
13865.0,34,14,1.21581,1511811607.06
13913.0,34,14,1.18337,1511811608.27
13969.0,34,14,1.03236,1511811609.08
13996.0,34,14,1.14302,1511811610.66
14068.0,34,14,1.03877,1511811611.54
14103.0,34,14,1.05847,1511811613.01
14167.0,34,14,0.978167,1511811614.22
14216.0,34,14,0.901528,1511811615.41
14271.0,34,14,0.841803,1511811616.19
14304.0,34,14,0.968631,1511811617.0
14340.0,34,14,1.07385,1511811617.99
14380.0,34,14,0.968539,1511811618.76
14412.0,34,14,0.989213,1511811619.23
14433.0,34,14,1.00199,1511811619.72
14457.0,34,14,1.20277,1511811620.09
14474.0,34,14,0.914301,1511811621.82
14547.0,34,14,1.09573,1511811622.27
14571.0,34,14,1.15217,1511811623.19
14612.0,34,14,1.05527,1511811624.12
14650.0,34,14,1.01361,1511811624.8
14679.0,34,14,1.0454,1511811625.77
14726.0,34,14,1.02283,1511811627.09
14781.0,34,14,1.04592,1511811628.12
14818.0,34,14,1.14828,1511811628.86
14844.0,34,14,0.880909,1511811629.26
14863.0,34,14,1.05911,1511811629.84
14888.0,34,14,1.0469,1511811631.25
14951.0,34,14,0.939052,1511811631.81
14980.0,34,14,1.08595,1511811632.65
15009.0,34,14,1.0029,1511811633.62
15047.0,34,14,0.908902,1511811634.72
15097.0,34,14,0.971209,1511811635.57
15127.0,34,14,0.894074,1511811636.2
15155.0,34,14,1.14253,1511811636.84
15176.0,34,14,0.96068,1511811637.39
15199.0,34,14,1.0038,1511811637.77
15219.0,34,14,1.01041,1511811639.13
15272.0,34,14,1.03284,1511811640.14
15313.0,34,14,0.937811,1511811640.79
15346.0,34,14,0.914596,1511811641.25
15364.0,34,14,0.805653,1511811642.22
15410.0,34,14,1.0082,1511811643.05
15437.0,34,14,0.890155,1511811644.13
15481.0,34,14,0.929049,1511811644.88
15516.0,34,14,1.09534,1511811645.56
15542.0,34,14,1.16458,1511811646.48
15585.0,34,14,0.974005,1511811647.53
15629.0,34,14,0.90645,1511811648.49
15671.0,34,14,1.07923,1511811649.33
15716.0,34,14,1.02085,1511811649.92
15730.0,34,14,1.01581,1511811650.78
15765.0,34,14,0.949818,1511811651.54
15801.0,34,14,0.893746,1511811652.67
15845.0,34,14,0.958413,1511811653.94
15898.0,34,14,0.984929,1511811654.61
15927.0,34,14,1.07559,1511811655.06
15946.0,34,14,0.94476,1511811655.76
15979.0,34,14,0.961677,1511811656.67
16013.0,34,14,0.963849,1511811658.4
16077.0,34,14,0.9369,1511811658.9
16100.0,34,14,0.9567,1511811659.88
16146.0,34,14,0.914575,1511811660.46
16169.0,34,14,1.07236,1511811661.0
16193.0,34,14,1.07869,1511811661.61
16217.0,34,14,1.00163,1511811663.01
16275.0,34,14,0.884957,1511811664.1
16315.0,34,14,0.961691,1511811665.45
16370.0,34,14,1.10466,1511811666.0
16390.0,34,14,0.961787,1511811667.58
16459.0,34,14,0.809096,1511811668.17
16478.0,34,14,1.0443,1511811668.8
16503.0,34,14,0.941537,1511811669.92
16559.0,34,14,1.03114,1511811670.69
16584.0,34,14,0.934931,1511811671.22
16609.0,34,14,1.0508,1511811672.38
16657.0,34,14,1.07614,1511811673.18
16691.0,34,14,1.02008,1511811673.98
16727.0,34,14,0.870751,1511811675.4
16787.0,34,14,0.926725,1511811676.0
16802.0,34,14,0.957679,1511811677.55
16873.0,34,14,0.885724,1511811678.4
16905.0,34,14,0.808229,1511811678.93
16928.0,34,14,0.866396,1511811680.31
16982.0,34,14,0.839216,1511811680.99
17015.0,34,14,0.99744,1511811682.11
17054.0,34,14,1.21231,1511811682.5
17072.0,34,14,1.03753,1511811683.42
17114.0,34,14,1.07679,1511811684.05
17136.0,34,14,1.06537,1511811684.58
17161.0,34,14,0.909494,1511811685.31
17192.0,34,14,1.10184,1511811685.96
17218.0,34,14,0.939303,1511811686.35
17239.0,34,14,0.925481,1511811686.92
17258.0,34,14,0.880296,1511811687.41
17283.0,34,14,0.896328,1511811688.37
17329.0,34,14,0.945326,1511811688.99
17352.0,34,14,1.02504,1511811689.51
17378.0,34,14,1.00848,1511811690.14
17406.0,34,14,0.868955,1511811690.62
17427.0,34,14,1.04938,1511811692.35
17499.0,34,14,0.917961,1511811692.79
17517.0,34,14,0.815376,1511811693.58
17549.0,34,14,0.946561,1511811694.37
17578.0,34,14,0.86428,1511811694.88
17604.0,34,14,0.971304,1511811695.75
17637.0,34,14,0.809905,1511811696.12
17651.0,34,14,0.943597,1511811697.0
17686.0,34,14,0.931791,1511811697.92
17724.0,34,14,0.826907,1511811698.34
17745.0,34,14,0.845229,1511811698.79
17760.0,34,14,0.961487,1511811699.18
17780.0,34,14,0.97439,1511811700.36
17832.0,34,14,0.909448,1511811700.83
17853.0,34,14,0.910174,1511811701.96
17895.0,34,14,1.14873,1511811702.45
17922.0,34,14,0.807118,1511811703.11
17944.0,34,14,0.847424,1511811703.59
17965.0,34,14,0.905146,1511811704.07
17983.0,34,14,0.874514,1511811704.81
18017.0,34,14,0.919882,1511811705.4
18038.0,34,14,1.10877,1511811705.86
18057.0,34,14,0.960579,1511811706.44
18087.0,34,14,0.923234,1511811706.94
18106.0,34,14,1.04428,1511811707.47
18136.0,34,14,0.841316,1511811708.58
18176.0,34,14,0.840628,1511811709.08
18198.0,34,14,0.896098,1511811709.65
18225.0,34,14,0.912232,1511811711.07
18274.0,34,14,0.817854,1511811711.58
18299.0,34,14,0.80095,1511811712.38
18329.0,34,14,0.816437,1511811713.43
18374.0,34,14,0.92794,1511811714.09
18398.0,34,14,0.858768,1511811714.75
18434.0,34,14,0.958272,1511811715.52
18459.0,34,14,0.875747,1511811716.01
18485.0,34,14,0.947049,1511811716.48
18502.0,34,14,0.978346,1511811717.45
18546.0,34,14,1.01585,1511811718.34
18576.0,34,14,0.849478,1511811718.98
18603.0,34,14,0.844536,1511811719.65
18637.0,34,14,0.734968,1511811720.54
18676.0,34,14,0.887776,1511811721.25
18716.0,34,14,0.989293,1511811722.59
18763.0,34,14,0.870391,1511811723.46
18796.0,34,14,0.823786,1511811724.54
18845.0,34,14,0.892077,1511811725.68
18896.0,34,14,0.909093,1511811726.14
18914.0,34,14,0.99181,1511811726.91
18948.0,34,14,0.826835,1511811727.35
18971.0,34,14,1.05464,1511811728.63
19018.0,34,14,0.998423,1511811729.42
19050.0,34,14,0.909102,1511811729.81
19068.0,34,14,0.860363,1511811730.53
19099.0,34,14,0.894277,1511811731.5
19142.0,34,14,0.818623,1511811731.93
19163.0,34,14,0.832218,1511811733.56
19216.0,34,14,0.825086,1511811734.13
19247.0,34,14,0.846303,1511811734.71
19269.0,34,14,1.00586,1511811735.19
19289.0,34,14,0.942854,1511811737.02
19358.0,34,14,1.01847,1511811738.45
19416.0,34,14,0.945315,1511811739.57
19457.0,34,14,0.976261,1511811740.78
19507.0,34,14,0.834015,1511811741.81
19558.0,34,14,0.868253,1511811742.64
19590.0,34,14,0.765911,1511811743.04
19610.0,34,14,0.721289,1511811744.04
19649.0,34,14,0.952795,1511811744.73
19678.0,34,14,0.993604,1511811745.74
19722.0,34,14,0.89185,1511811747.1
19772.0,34,14,0.807931,1511811747.58
19795.0,34,14,0.764131,1511811748.31
19827.0,34,14,0.955733,1511811748.91
19851.0,34,14,0.832403,1511811749.79
19883.0,34,14,0.920491,1511811750.46
19910.0,34,14,0.822833,1511811750.85
19929.0,34,14,0.951486,1511811752.07
19982.0,34,14,0.897791,1511811752.89
20020.0,34,14,0.703553,1511811753.63
20053.0,34,14,0.748542,1511811754.18
20077.0,34,14,0.824256,1511811755.04
20113.0,34,14,0.666949,1511811755.71
20144.0,34,14,0.864097,1511811756.64
20175.0,34,14,0.884586,1511811757.67
20223.0,34,14,0.937201,1511811758.26
20246.0,34,14,0.853847,1511811758.9
20280.0,34,14,0.732643,1511811759.89
20318.0,34,14,0.844878,1511811760.55
20342.0,34,14,0.701972,1511811761.47
20385.0,34,14,0.910334,1511811762.21
20415.0,34,14,0.858747,1511811763.01
20449.0,34,14,0.758673,1511811763.42
20468.0,34,14,0.961909,1511811763.95
20487.0,34,14,0.769137,1511811764.41
20512.0,34,14,0.687394,1511811765.49
20553.0,34,14,0.673563,1511811766.08
20569.0,34,14,0.773426,1511811766.64
20595.0,34,14,1.05553,1511811767.39
20623.0,34,14,0.910917,1511811768.63
20662.0,34,14,0.755538,1511811769.5
20697.0,34,14,0.761797,1511811770.03
20721.0,34,14,0.944368,1511811770.45
20740.0,34,14,0.76293,1511811771.27
20774.0,34,14,0.848619,1511811772.34
20815.0,34,14,0.892302,1511811773.02
20842.0,34,14,0.786875,1511811774.23
20885.0,34,14,0.84513,1511811775.32
20926.0,34,14,0.827183,1511811775.87
20951.0,34,14,1.00462,1511811776.79
20964.0,34,14,0.823833,1511811777.76
21008.0,34,14,0.985673,1511811778.43
21038.0,34,14,0.930843,1511811778.91
21061.0,34,14,0.784334,1511811779.65
21093.0,34,14,0.953154,1511811780.39
21130.0,34,14,0.838839,1511811781.23
21166.0,34,14,0.870489,1511811782.46
21215.0,34,14,0.859427,1511811783.16
21244.0,34,14,0.9108,1511811784.0
21271.0,34,14,0.782891,1511811784.8
21305.0,34,14,0.84313,1511811785.19
21321.0,34,14,0.896314,1511811785.73
21344.0,34,14,0.757035,1511811787.08
21404.0,34,14,0.647746,1511811788.03
21439.0,34,14,0.855794,1511811788.53
21462.0,34,14,0.706112,1511811789.28
21496.0,34,14,0.868231,1511811789.95
21516.0,34,14,0.766053,1511811790.36
21538.0,34,14,0.912876,1511811791.11
21569.0,34,14,0.867394,1511811791.94
21600.0,34,14,0.741031,1511811793.3
21655.0,34,14,0.827669,1511811794.28
21694.0,34,14,0.862248,1511811794.74
21717.0,34,14,0.803136,1511811795.68
21759.0,34,14,0.920304,1511811796.29
21783.0,34,14,0.88302,1511811797.15
21822.0,34,14,0.830336,1511811797.75
21852.0,34,14,1.01709,1511811799.55
21923.0,34,14,0.812764,1511811800.22
21948.0,34,14,0.726847,1511811801.84
22019.0,34,14,0.889019,1511811802.69
22057.0,34,14,0.747589,1511811803.2
22078.0,34,14,0.947499,1511811804.09
22118.0,34,14,0.921961,1511811804.71
22145.0,34,14,0.812378,1511811805.32
22166.0,34,14,0.673626,1511811807.13
22238.0,34,14,0.821071,1511811808.55
22291.0,34,14,0.895084,1511811809.15
22322.0,34,14,1.04836,1511811810.27
22363.0,34,14,0.955266,1511811810.79
22383.0,34,14,0.828681,1511811811.2
22407.0,34,14,0.893299,1511811812.1
22437.0,34,14,0.899047,1511811812.73
22464.0,34,14,0.981227,1511811813.4
22494.0,34,14,0.760715,1511811813.99
22518.0,34,14,1.01117,1511811814.84
22560.0,34,14,0.731651,1511811815.9
22602.0,34,14,0.805989,1511811816.75
22638.0,34,14,0.759064,1511811817.82
22676.0,34,14,0.844339,1511811818.68
22711.0,34,14,0.583472,1511811819.6
22750.0,34,14,0.883049,1511811820.2
22767.0,34,14,0.725837,1511811821.76
22840.0,34,14,0.710939,1511811822.52
22876.0,34,14,0.797402,1511811823.43
22909.0,34,14,0.918347,1511811824.11
22948.0,34,14,0.722253,1511811824.72
22964.0,34,14,0.815609,1511811826.49
23042.0,34,14,0.712182,1511811827.08
23067.0,34,14,0.775578,1511811828.75
23115.0,34,14,0.896591,1511811829.81
23154.0,34,14,0.782021,1511811830.86
23199.0,34,14,0.846123,1511811831.68
23232.0,34,14,1.00326,1511811832.53
23270.0,34,14,0.774942,1511811833.4
23307.0,34,14,0.897984,1511811833.84
23331.0,34,14,0.795631,1511811834.42
23351.0,34,14,0.698818,1511811835.13
23381.0,34,14,0.617311,1511811835.5
23399.0,34,14,0.744055,1511811836.96
23463.0,34,14,0.740154,1511811838.16
23517.0,34,14,0.705272,1511811838.81
23543.0,34,14,0.829552,1511811839.7
23576.0,34,14,0.768564,1511811840.43
23614.0,34,14,0.679602,1511811841.04
23633.0,34,14,0.63509,1511811841.54
23655.0,34,14,0.718009,1511811842.12
23681.0,34,14,0.825416,1511811843.36
23731.0,34,14,0.830483,1511811844.66
23788.0,34,14,0.857766,1511811845.5
23818.0,34,14,0.749721,1511811846.17
23853.0,34,14,0.875305,1511811847.14
23891.0,34,14,0.837496,1511811848.45
23937.0,34,14,0.862408,1511811849.22
23971.0,34,14,0.995354,1511811850.39
24020.0,34,14,0.912117,1511811851.3
24055.0,34,14,0.689594,1511811851.84
24084.0,34,14,1.02579,1511811852.66
24121.0,34,14,0.834393,1511811853.27
24142.0,34,14,0.846359,1511811853.64
24159.0,34,14,0.890244,1511811854.58
24202.0,34,14,0.887654,1511811855.31
24223.0,34,14,0.908444,1511811856.4
24269.0,34,14,0.81267,1511811858.07
24330.0,34,14,0.720705,1511811859.47
24388.0,34,14,0.742816,1511811861.31
24471.0,34,14,0.905639,1511811862.53
24513.0,34,14,0.799282,1511811863.19
24541.0,34,14,0.761293,1511811864.29
24587.0,34,14,0.997791,1511811865.11
24616.0,34,14,0.763289,1511811866.34
24666.0,34,14,0.8264,1511811867.68
24715.0,34,14,0.67578,1511811868.47
24750.0,34,14,0.843155,1511811868.86
24769.0,34,14,0.91391,1511811869.58
24798.0,34,14,0.771689,1511811870.3
24825.0,34,14,0.683291,1511811871.29
24873.0,34,14,0.665767,1511811871.92
24898.0,34,14,0.634624,1511811872.82
24935.0,34,14,0.698277,1511811873.8
24979.0,34,14,0.678906,1511811875.33
25036.0,34,14,0.763496,1511811876.81
25105.0,34,14,0.654019,1511811877.64
25138.0,34,14,0.84135,1511811879.25
25210.0,34,14,0.871229,1511811879.91
25236.0,34,14,0.766138,1511811880.56
25265.0,34,14,0.995377,1511811881.27
25288.0,34,14,0.777912,1511811882.37
25335.0,34,14,0.802512,1511811882.87
25358.0,34,14,0.73053,1511811883.5
25388.0,34,14,0.737583,1511811884.92
25444.0,34,14,0.786624,1511811885.88
25484.0,34,14,0.806687,1511811887.33
25546.0,34,14,0.744668,1511811888.52
25599.0,34,14,0.622583,1511811889.13
25615.0,34,14,0.721663,1511811889.85
25648.0,34,14,0.567086,1511811890.46
25676.0,34,14,0.61332,1511811891.48
25715.0,34,14,0.821441,1511811892.47
25755.0,34,14,0.906252,1511811893.53
25801.0,34,14,0.789256,1511811894.2
25816.0,34,14,0.872503,1511811894.86
25844.0,34,14,0.735413,1511811895.74
25877.0,34,14,0.854299,1511811896.53
25916.0,34,14,0.689976,1511811897.36
25946.0,34,14,0.852056,1511811898.06
25975.0,34,14,0.756678,1511811898.56
26002.0,34,14,0.622182,1511811899.12
26021.0,34,14,0.661555,1511811899.63
26040.0,34,14,0.653111,1511811900.07
26063.0,34,14,0.621834,1511811901.14
26111.0,34,14,0.6661,1511811902.36
26159.0,34,14,0.575452,1511811902.83
26178.0,34,14,0.693561,1511811903.24
26194.0,34,14,0.732209,1511811903.67
26216.0,34,14,0.689837,1511811904.87
26262.0,34,14,0.813801,1511811905.68
26290.0,34,14,0.777049,1511811906.25
26317.0,34,14,0.689551,1511811906.76
26341.0,34,14,0.770251,1511811907.63
26374.0,34,14,0.686745,1511811908.34
26407.0,34,14,0.736971,1511811909.06
26434.0,34,14,0.660096,1511811910.07
26479.0,34,14,0.902357,1511811910.57
26502.0,34,14,0.881766,1511811911.23
26526.0,34,14,0.803529,1511811912.06
26560.0,34,14,0.786104,1511811912.87
26602.0,34,14,0.86724,1511811913.33
26619.0,34,14,0.795395,1511811914.28
26661.0,34,14,0.63008,1511811915.51
26705.0,34,14,0.722722,1511811915.96
26725.0,34,14,0.846767,1511811916.63
26753.0,34,14,0.785251,1511811917.71
26800.0,34,14,0.695942,1511811918.74
26845.0,34,14,0.912349,1511811919.92
26888.0,34,14,0.901084,1511811920.56
26909.0,34,14,0.776263,1511811920.94
26932.0,34,14,0.729206,1511811921.75
26966.0,34,14,0.777432,1511811922.61
26997.0,34,14,0.684069,1511811923.08
27017.0,34,14,0.791261,1511811923.69
27035.0,34,14,0.635029,1511811924.17
27061.0,34,14,0.80922,1511811924.75
27085.0,34,14,0.865697,1511811925.25
27109.0,34,14,0.73734,1511811926.12
27146.0,34,14,0.871853,1511811926.96
27185.0,34,14,0.774312,1511811927.6
27207.0,34,14,0.659646,1511811929.45
27287.0,34,14,0.675425,1511811930.04
27299.0,34,14,0.739787,1511811930.49
27322.0,34,14,0.77792,1511811931.3
27357.0,34,14,0.831626,1511811932.13
27389.0,34,14,0.696424,1511811932.95
27417.0,34,14,0.744744,1511811933.6
27449.0,34,14,0.526078,1511811934.56
27493.0,34,14,0.74212,1511811935.41
27527.0,34,14,0.771313,1511811936.3
27562.0,34,14,0.760201,1511811937.38
27610.0,34,14,0.765401,1511811938.34
27647.0,34,14,0.875379,1511811938.79
27672.0,34,14,0.854309,1511811939.43
27698.0,34,14,0.652711,1511811940.5
27740.0,34,14,0.558282,1511811941.3
27766.0,34,14,0.884186,1511811942.17
27800.0,34,14,0.748471,1511811942.68
27824.0,34,14,0.797312,1511811943.35
27848.0,34,14,0.711382,1511811943.97
27879.0,34,14,0.899488,1511811944.87
27910.0,34,14,0.691599,1511811945.72
27951.0,34,14,0.686091,1511811946.66
27995.0,34,14,0.58141,1511811947.62
28037.0,34,14,0.687143,1511811948.3
28059.0,34,14,0.638508,1511811948.83
28085.0,34,14,0.786097,1511811949.31
28109.0,34,14,0.831044,1511811949.72
28126.0,34,14,0.716839,1511811950.11
28145.0,34,14,0.782313,1511811950.78
28173.0,34,14,0.880892,1511811951.51
28209.0,34,14,0.679685,1511811952.2
28244.0,34,14,0.697538,1511811953.01
28271.0,34,14,0.637441,1511811953.98
28314.0,34,14,0.710647,1511811954.69
28341.0,34,14,0.566243,1511811955.66
28383.0,34,14,0.772766,1511811956.51
28423.0,34,14,0.639885,1511811957.09
28449.0,34,14,0.753134,1511811958.21
28494.0,34,14,0.656743,1511811958.95
28527.0,34,14,0.520727,1511811960.97
28608.0,34,14,0.744761,1511811961.4
28626.0,34,14,0.720349,1511811962.38
28668.0,34,14,0.721996,1511811962.97
28695.0,34,14,0.713737,1511811963.49
28719.0,34,14,0.791225,1511811964.61
28766.0,34,14,0.702077,1511811965.18
28793.0,34,14,0.65931,1511811965.59
28808.0,34,14,0.651759,1511811966.64
28855.0,34,14,0.68255,1511811967.02
28875.0,34,14,0.860711,1511811967.69
28903.0,34,14,0.789219,1511811968.62
28936.0,34,14,0.844956,1511811969.68
28976.0,34,14,0.65114,1511811971.16
29039.0,34,14,0.568975,1511811971.61
29057.0,34,14,0.842301,1511811973.62
29135.0,34,14,0.745098,1511811974.04
29156.0,34,14,0.548738,1511811974.54
29179.0,34,14,0.708265,1511811975.36
29210.0,34,14,0.654645,1511811975.95
29232.0,34,14,0.571724,1511811976.66
29259.0,34,14,0.594993,1511811977.15
29280.0,34,14,0.666656,1511811977.56
29298.0,34,14,0.865018,1511811978.39
29324.0,34,14,0.663914,1511811979.19
29352.0,34,14,0.712848,1511811980.28
29400.0,34,14,0.668257,1511811980.74
29411.0,34,14,0.693026,1511811981.73
29456.0,34,14,0.762676,1511811982.45
29474.0,34,14,0.709162,1511811983.29
29511.0,34,14,0.777635,1511811984.01
29539.0,34,14,0.581799,1511811985.0
29584.0,34,14,0.688863,1511811985.77
29613.0,34,14,0.717938,1511811986.3
29634.0,34,14,0.638225,1511811987.14
29672.0,34,14,0.706167,1511811987.8
29700.0,34,14,0.591916,1511811988.64
29721.0,34,14,0.629629,1511811989.73
29759.0,34,14,0.610952,1511811990.48
29793.0,34,14,0.516473,1511811991.16
29821.0,34,14,0.704424,1511811991.83
29846.0,34,14,0.564299,1511811992.65
29875.0,34,14,0.642503,1511811993.4
29901.0,34,14,0.613023,1511811993.87
29919.0,34,14,0.736288,1511811994.39
29939.0,34,14,0.706881,1511811994.82
29960.0,34,14,0.752129,1511811995.21
29976.0,34,14,0.738837,1511811995.69
29993.0,34,14,0.524047,1511811996.32
30017.0,34,14,0.634382,1511811996.92
30042.0,34,14,0.7056,1511811997.55
30062.0,34,14,0.641682,1511811998.34
30097.0,34,14,0.669966,1511811998.77
30112.0,34,14,0.741252,1511811999.28
30134.0,34,14,0.761675,1511811999.78
30151.0,34,14,0.54752,1511812000.29
30173.0,34,14,0.826889,1511812000.9
30204.0,34,14,0.457075,1511812001.36
