1.0,4,11,2.3023,1511967470.19
5.0,4,11,2.30134,1511967471.96
9.0,4,11,2.3019,1511967473.61
13.0,4,11,2.30022,1511967475.26
17.0,4,11,2.30232,1511967476.92
21.0,4,11,2.30295,1511967478.48
24.0,4,11,2.30369,1511967480.08
27.0,4,11,2.3018,1511967481.84
31.0,4,11,2.30191,1511967483.55
35.0,4,11,2.3036,1511967485.34
40.0,4,11,2.30189,1511967486.98
44.0,4,11,2.30103,1511967488.54
47.0,4,11,2.30321,1511967490.19
51.0,4,11,2.30378,1511967491.98
56.0,4,11,2.29993,1511967493.62
60.0,4,11,2.30293,1511967495.36
64.0,4,11,2.30211,1511967497.17
68.0,4,11,2.30248,1511967498.85
72.0,4,11,2.3009,1511967500.45
76.0,4,11,2.30156,1511967502.22
80.0,4,11,2.30082,1511967503.96
84.0,4,11,2.30156,1511967505.79
88.0,4,11,2.30213,1511967507.55
92.0,4,11,2.30234,1511967509.32
96.0,4,11,2.30258,1511967510.94
100.0,4,11,2.30204,1511967512.74
104.0,4,11,2.30124,1511967514.54
108.0,4,11,2.30042,1511967516.26
112.0,4,11,2.30161,1511967518.0
117.0,4,11,2.30226,1511967519.71
121.0,4,11,2.30175,1511967521.36
125.0,4,11,2.3027,1511967523.02
129.0,4,11,2.30116,1511967524.65
132.0,4,11,2.30309,1511967526.4
136.0,4,11,2.29978,1511967528.05
140.0,4,11,2.30058,1511967529.68
144.0,4,11,2.3004,1511967531.38
148.0,4,11,2.30274,1511967533.19
152.0,4,11,2.29975,1511967534.97
156.0,4,11,2.29999,1511967536.74
160.0,4,11,2.3016,1511967538.48
164.0,4,11,2.30123,1511967540.19
168.0,4,11,2.29956,1511967541.9
172.0,4,11,2.30043,1511967543.68
177.0,4,11,2.30057,1511967545.46
181.0,4,11,2.29842,1511967547.21
185.0,4,11,2.30142,1511967548.97
189.0,4,11,2.30041,1511967550.7
193.0,4,11,2.30001,1511967552.37
197.0,4,11,2.29976,1511967553.99
201.0,4,11,2.30128,1511967555.64
204.0,4,11,2.30083,1511967557.37
208.0,4,11,2.29918,1511967559.09
213.0,4,11,2.30143,1511967560.82
217.0,4,11,2.29913,1511967562.49
221.0,4,11,2.3025,1511967564.33
225.0,4,11,2.30094,1511967566.07
229.0,4,11,2.30176,1511967567.82
233.0,4,11,2.29998,1511967569.59
237.0,4,11,2.30032,1511967571.24
241.0,4,11,2.30062,1511967572.93
245.0,4,11,2.30191,1511967574.66
249.0,4,11,2.3015,1511967576.41
253.0,4,11,2.30013,1511967577.99
257.0,4,11,2.30068,1511967579.71
261.0,4,11,2.3005,1511967581.47
264.0,4,11,2.30043,1511967583.09
268.0,4,11,2.29916,1511967584.8
272.0,4,11,2.29895,1511967586.65
276.0,4,11,2.2996,1511967588.3
280.0,4,11,2.29882,1511967590.08
285.0,4,11,2.29995,1511967591.82
289.0,4,11,2.30098,1511967593.61
293.0,4,11,2.29891,1511967595.43
297.0,4,11,2.29923,1511967597.07
301.0,4,11,2.30008,1511967598.71
305.0,4,11,2.29873,1511967600.37
309.0,4,11,2.29894,1511967602.08
313.0,4,11,2.29981,1511967603.79
317.0,4,11,2.29954,1511967605.54
321.0,4,11,2.2991,1511967607.37
325.0,4,11,2.30096,1511967609.12
329.0,4,11,2.29945,1511967610.78
333.0,4,11,2.29777,1511967612.51
337.0,4,11,2.29905,1511967614.09
341.0,4,11,2.29849,1511967615.69
345.0,4,11,2.29933,1511967617.33
348.0,4,11,2.30027,1511967619.16
353.0,4,11,2.29972,1511967620.89
357.0,4,11,2.29933,1511967622.49
361.0,4,11,2.29685,1511967624.23
365.0,4,11,2.29844,1511967625.98
369.0,4,11,2.29813,1511967627.68
373.0,4,11,2.29902,1511967629.46
377.0,4,11,2.29785,1511967631.2
381.0,4,11,2.29959,1511967632.95
385.0,4,11,2.29869,1511967634.82
389.0,4,11,2.29832,1511967636.55
393.0,4,11,2.29927,1511967638.35
397.0,4,11,2.30053,1511967640.06
401.0,4,11,2.29714,1511967641.77
405.0,4,11,2.29904,1511967643.47
409.0,4,11,2.29773,1511967645.14
413.0,4,11,2.29999,1511967646.79
417.0,4,11,2.2992,1511967648.55
421.0,4,11,2.29807,1511967650.38
425.0,4,11,2.29622,1511967652.07
429.0,4,11,2.29775,1511967653.7
433.0,4,11,2.29814,1511967655.59
437.0,4,11,2.29883,1511967657.27
441.0,4,11,2.29772,1511967658.92
445.0,4,11,2.29763,1511967660.56
449.0,4,11,2.29919,1511967662.27
453.0,4,11,2.29835,1511967663.98
457.0,4,11,2.29761,1511967665.63
461.0,4,11,2.29678,1511967667.44
465.0,4,11,2.29748,1511967669.11
469.0,4,11,2.2968,1511967670.85
473.0,4,11,2.29767,1511967672.71
477.0,4,11,2.29955,1511967674.38
481.0,4,11,2.29742,1511967676.11
485.0,4,11,2.29785,1511967677.85
489.0,4,11,2.29567,1511967679.49
493.0,4,11,2.29872,1511967681.12
497.0,4,11,2.29777,1511967682.72
501.0,4,11,2.29783,1511967684.48
505.0,4,11,2.29714,1511967686.13
508.0,4,11,2.29773,1511967687.73
512.0,4,11,2.29841,1511967689.4
515.0,4,11,2.29857,1511967691.05
519.0,4,11,2.29545,1511967692.82
523.0,4,11,2.29822,1511967694.45
527.0,4,11,2.29853,1511967696.16
531.0,4,11,2.29732,1511967697.9
535.0,4,11,2.29646,1511967699.54
539.0,4,11,2.29892,1511967701.12
542.0,4,11,2.29711,1511967702.85
546.0,4,11,2.297,1511967704.4
550.0,4,11,2.29848,1511967706.12
554.0,4,11,2.29675,1511967707.91
559.0,4,11,2.29751,1511967709.54
563.0,4,11,2.29611,1511967711.21
566.0,4,11,2.29622,1511967712.91
570.0,4,11,2.29733,1511967714.62
574.0,4,11,2.29621,1511967716.35
578.0,4,11,2.29695,1511967718.03
582.0,4,11,2.29603,1511967719.68
586.0,4,11,2.2978,1511967721.43
592.0,4,11,2.29705,1511967723.06
594.0,4,11,2.29633,1511967724.82
598.0,4,11,2.29779,1511967726.52
602.0,4,11,2.29489,1511967728.26
606.0,4,11,2.29628,1511967730.0
610.0,4,11,2.29594,1511967731.72
614.0,4,11,2.29575,1511967733.49
618.0,4,11,2.29562,1511967735.14
622.0,4,11,2.29694,1511967736.69
626.0,4,11,2.29694,1511967738.43
630.0,4,11,2.29687,1511967740.19
634.0,4,11,2.29669,1511967741.92
638.0,4,11,2.29658,1511967743.58
642.0,4,11,2.29709,1511967745.38
646.0,4,11,2.2966,1511967747.02
650.0,4,11,2.29722,1511967748.79
654.0,4,11,2.29563,1511967750.54
658.0,4,11,2.29572,1511967752.29
663.0,4,11,2.29586,1511967754.04
667.0,4,11,2.29564,1511967755.87
671.0,4,11,2.29525,1511967757.57
674.0,4,11,2.29461,1511967759.2
678.0,4,11,2.29552,1511967761.02
682.0,4,11,2.29707,1511967762.77
686.0,4,11,2.29528,1511967764.42
690.0,4,11,2.29571,1511967766.14
694.0,4,11,2.29612,1511967767.88
699.0,4,11,2.29585,1511967769.67
703.0,4,11,2.29496,1511967771.42
707.0,4,11,2.29459,1511967773.06
711.0,4,11,2.29424,1511967774.76
715.0,4,11,2.29516,1511967776.4
719.0,4,11,2.2953,1511967778.08
723.0,4,11,2.29511,1511967779.81
726.0,4,11,2.29667,1511967781.47
730.0,4,11,2.29493,1511967783.24
734.0,4,11,2.2962,1511967784.9
738.0,4,11,2.29631,1511967786.62
742.0,4,11,2.29534,1511967788.32
746.0,4,11,2.2962,1511967790.09
750.0,4,11,2.29618,1511967791.68
754.0,4,11,2.29392,1511967793.33
758.0,4,11,2.29467,1511967795.18
762.0,4,11,2.29561,1511967796.98
766.0,4,11,2.29564,1511967798.78
771.0,4,11,2.29519,1511967800.45
775.0,4,11,2.29584,1511967802.17
779.0,4,11,2.2965,1511967803.82
783.0,4,11,2.29603,1511967805.56
787.0,4,11,2.29445,1511967807.29
791.0,4,11,2.29485,1511967809.09
795.0,4,11,2.29466,1511967810.91
799.0,4,11,2.29552,1511967812.64
803.0,4,11,2.29502,1511967814.39
807.0,4,11,2.29343,1511967816.1
811.0,4,11,2.29486,1511967817.84
815.0,4,11,2.29419,1511967819.48
819.0,4,11,2.2941,1511967821.21
823.0,4,11,2.29461,1511967822.88
827.0,4,11,2.29438,1511967824.66
831.0,4,11,2.29564,1511967826.42
835.0,4,11,2.29456,1511967828.14
839.0,4,11,2.29558,1511967829.8
843.0,4,11,2.29349,1511967831.42
847.0,4,11,2.29361,1511967833.14
851.0,4,11,2.29373,1511967834.86
856.0,4,11,2.29242,1511967836.52
859.0,4,11,2.29443,1511967838.15
862.0,4,11,2.29407,1511967839.81
866.0,4,11,2.29324,1511967841.54
870.0,4,11,2.29433,1511967843.29
875.0,4,11,2.2938,1511967845.01
879.0,4,11,2.2945,1511967846.82
884.0,4,11,2.29527,1511967848.58
888.0,4,11,2.29555,1511967850.35
892.0,4,11,2.29465,1511967852.08
896.0,4,11,2.29312,1511967853.65
900.0,4,11,2.29624,1511967855.3
904.0,4,11,2.29292,1511967856.93
907.0,4,11,2.29208,1511967858.56
910.0,4,11,2.29365,1511967860.39
916.0,4,11,2.29379,1511967862.07
919.0,4,11,2.29277,1511967863.76
924.0,4,11,2.29386,1511967865.39
927.0,4,11,2.29274,1511967867.08
931.0,4,11,2.29403,1511967868.8
935.0,4,11,2.29377,1511967870.56
939.0,4,11,2.29271,1511967872.28
944.0,4,11,2.29428,1511967874.08
948.0,4,11,2.29357,1511967875.72
952.0,4,11,2.29281,1511967877.37
955.0,4,11,2.29439,1511967878.96
958.0,4,11,2.29187,1511967880.72
962.0,4,11,2.29403,1511967882.41
966.0,4,11,2.29242,1511967884.05
970.0,4,11,2.29327,1511967885.67
974.0,4,11,2.29275,1511967887.44
978.0,4,11,2.2929,1511967889.24
982.0,4,11,2.29347,1511967890.96
986.0,4,11,2.29298,1511967892.59
990.0,4,11,2.29296,1511967894.44
994.0,4,11,2.29335,1511967896.07
998.0,4,11,2.2943,1511967897.78
1002.0,4,11,2.29379,1511967899.45
1006.0,4,11,2.29365,1511967901.08
1010.0,4,11,2.29338,1511967902.74
1014.0,4,11,2.29368,1511967904.42
1018.0,4,11,2.29327,1511967906.2
1022.0,4,11,2.29219,1511967907.96
1026.0,4,11,2.29246,1511967909.7
1030.0,4,11,2.29239,1511967911.46
1034.0,4,11,2.29221,1511967913.06
1038.0,4,11,2.29197,1511967914.72
1042.0,4,11,2.29151,1511967916.44
1046.0,4,11,2.29185,1511967918.14
1050.0,4,11,2.29321,1511967919.76
1053.0,4,11,2.29296,1511967921.55
1057.0,4,11,2.2922,1511967923.18
1060.0,4,11,2.29218,1511967924.94
1065.0,4,11,2.29163,1511967926.49
1068.0,4,11,2.29016,1511967928.28
1072.0,4,11,2.29221,1511967929.94
1076.0,4,11,2.29288,1511967931.61
1080.0,4,11,2.29342,1511967933.31
1084.0,4,11,2.29185,1511967935.09
1088.0,4,11,2.2916,1511967936.84
1093.0,4,11,2.29272,1511967938.61
1097.0,4,11,2.29219,1511967940.4
1101.0,4,11,2.29274,1511967942.09
1105.0,4,11,2.293,1511967943.82
1109.0,4,11,2.29204,1511967945.57
1113.0,4,11,2.2929,1511967947.27
1117.0,4,11,2.29141,1511967948.93
1121.0,4,11,2.29261,1511967950.66
1125.0,4,11,2.29122,1511967952.44
1130.0,4,11,2.29081,1511967954.01
1133.0,4,11,2.29212,1511967955.79
1137.0,4,11,2.29244,1511967957.55
1142.0,4,11,2.29131,1511967959.21
1146.0,4,11,2.2925,1511967960.92
1150.0,4,11,2.29112,1511967962.68
1154.0,4,11,2.29158,1511967964.39
1158.0,4,11,2.29133,1511967966.14
1162.0,4,11,2.28978,1511967967.75
1166.0,4,11,2.29202,1511967969.53
1170.0,4,11,2.29188,1511967971.3
1174.0,4,11,2.29099,1511967973.03
1178.0,4,11,2.29087,1511967974.8
1182.0,4,11,2.29163,1511967976.62
1186.0,4,11,2.29246,1511967978.39
1190.0,4,11,2.29152,1511967979.96
1194.0,4,11,2.28975,1511967981.75
1198.0,4,11,2.29074,1511967983.38
1202.0,4,11,2.29201,1511967985.11
1206.0,4,11,2.29166,1511967986.74
1210.0,4,11,2.28979,1511967988.48
1214.0,4,11,2.29072,1511967990.23
1218.0,4,11,2.29036,1511967992.0
1222.0,4,11,2.29127,1511967993.64
1226.0,4,11,2.29134,1511967995.38
1230.0,4,11,2.29059,1511967996.97
1233.0,4,11,2.29053,1511967998.64
1237.0,4,11,2.29197,1511968000.26
1240.0,4,11,2.28942,1511968002.07
1245.0,4,11,2.29138,1511968003.7
1248.0,4,11,2.29148,1511968005.46
1252.0,4,11,2.29063,1511968007.1
1256.0,4,11,2.29143,1511968008.7
1260.0,4,11,2.29049,1511968010.36
1264.0,4,11,2.28988,1511968012.22
1268.0,4,11,2.29114,1511968013.86
1272.0,4,11,2.28992,1511968015.52
1276.0,4,11,2.29078,1511968017.25
1280.0,4,11,2.29097,1511968019.01
1284.0,4,11,2.28992,1511968020.72
1288.0,4,11,2.2898,1511968022.44
1292.0,4,11,2.29116,1511968024.08
1296.0,4,11,2.28879,1511968025.7
1300.0,4,11,2.29068,1511968027.46
1304.0,4,11,2.29115,1511968029.18
1308.0,4,11,2.29023,1511968030.96
1312.0,4,11,2.29283,1511968032.6
1316.0,4,11,2.29009,1511968034.41
1320.0,4,11,2.2913,1511968036.1
1324.0,4,11,2.28914,1511968037.87
1328.0,4,11,2.28951,1511968039.6
1332.0,4,11,2.29104,1511968041.24
1336.0,4,11,2.28983,1511968043.01
1340.0,4,11,2.29108,1511968044.63
1344.0,4,11,2.29036,1511968046.38
1348.0,4,11,2.29198,1511968048.15
1352.0,4,11,2.29066,1511968050.02
1356.0,4,11,2.28909,1511968051.77
1360.0,4,11,2.28964,1511968053.36
1364.0,4,11,2.28968,1511968054.93
1368.0,4,11,2.29098,1511968056.58
1372.0,4,11,2.28876,1511968058.39
1376.0,4,11,2.29044,1511968060.06
1380.0,4,11,2.29081,1511968061.8
1384.0,4,11,2.28949,1511968063.61
1389.0,4,11,2.29031,1511968065.23
1392.0,4,11,2.28841,1511968067.0
1396.0,4,11,2.28946,1511968068.65
1400.0,4,11,2.28943,1511968070.31
1404.0,4,11,2.28932,1511968072.08
1408.0,4,11,2.29029,1511968073.87
1412.0,4,11,2.29004,1511968075.71
1416.0,4,11,2.28842,1511968077.5
1420.0,4,11,2.2887,1511968079.22
1424.0,4,11,2.28851,1511968080.96
1428.0,4,11,2.28853,1511968082.67
1432.0,4,11,2.28815,1511968084.32
1436.0,4,11,2.28857,1511968085.97
1440.0,4,11,2.28877,1511968087.73
1445.0,4,11,2.289,1511968089.36
1449.0,4,11,2.28809,1511968091.08
1453.0,4,11,2.28905,1511968092.8
1457.0,4,11,2.29042,1511968094.46
1461.0,4,11,2.28997,1511968096.2
1465.0,4,11,2.28937,1511968097.95
1469.0,4,11,2.28963,1511968099.74
1473.0,4,11,2.2881,1511968101.34
1476.0,4,11,2.28848,1511968103.02
1479.0,4,11,2.28895,1511968104.71
1484.0,4,11,2.28673,1511968106.4
1488.0,4,11,2.28822,1511968107.97
1491.0,4,11,2.28736,1511968109.59
1495.0,4,11,2.28984,1511968111.33
1499.0,4,11,2.28783,1511968113.08
1503.0,4,11,2.2882,1511968114.86
1507.0,4,11,2.28791,1511968116.59
1511.0,4,11,2.28996,1511968118.25
1515.0,4,11,2.28778,1511968119.92
1519.0,4,11,2.28876,1511968121.57
1523.0,4,11,2.28777,1511968123.29
1527.0,4,11,2.28791,1511968124.99
1531.0,4,11,2.28736,1511968126.71
1535.0,4,11,2.28785,1511968128.47
1539.0,4,11,2.28749,1511968130.17
1543.0,4,11,2.28835,1511968131.73
1547.0,4,11,2.28787,1511968133.36
1551.0,4,11,2.29036,1511968135.17
1555.0,4,11,2.28685,1511968136.82
1559.0,4,11,2.28734,1511968138.61
1563.0,4,11,2.28752,1511968140.23
1567.0,4,11,2.28855,1511968141.92
1571.0,4,11,2.28742,1511968143.6
1575.0,4,11,2.28857,1511968145.24
1578.0,4,11,2.28708,1511968146.89
1582.0,4,11,2.28796,1511968148.59
1586.0,4,11,2.28819,1511968150.29
1590.0,4,11,2.2875,1511968151.92
1594.0,4,11,2.28811,1511968153.64
1598.0,4,11,2.28727,1511968155.43
1601.0,4,11,2.28741,1511968157.06
1605.0,4,11,2.28671,1511968158.79
1609.0,4,11,2.28707,1511968160.49
1613.0,4,11,2.28586,1511968162.21
1618.0,4,11,2.28874,1511968163.86
1621.0,4,11,2.28863,1511968165.44
1625.0,4,11,2.28796,1511968167.17
1629.0,4,11,2.28721,1511968168.86
1633.0,4,11,2.28749,1511968170.61
1637.0,4,11,2.28708,1511968172.34
1641.0,4,11,2.28746,1511968174.14
1645.0,4,11,2.28643,1511968175.91
1649.0,4,11,2.28727,1511968177.5
1653.0,4,11,2.28639,1511968179.2
1657.0,4,11,2.28638,1511968180.97
1661.0,4,11,2.28715,1511968182.6
1665.0,4,11,2.28651,1511968184.37
1669.0,4,11,2.28604,1511968186.08
1673.0,4,11,2.28795,1511968187.78
1677.0,4,11,2.28701,1511968189.47
1681.0,4,11,2.28489,1511968191.25
1685.0,4,11,2.28638,1511968193.0
1690.0,4,11,2.28608,1511968194.74
1694.0,4,11,2.28777,1511968196.52
1698.0,4,11,2.28617,1511968198.23
1702.0,4,11,2.28689,1511968199.9
1706.0,4,11,2.28749,1511968201.75
1710.0,4,11,2.28544,1511968203.5
1714.0,4,11,2.28404,1511968205.3
1718.0,4,11,2.28602,1511968206.9
1722.0,4,11,2.28521,1511968208.71
1726.0,4,11,2.28656,1511968210.43
1730.0,4,11,2.2867,1511968212.17
1734.0,4,11,2.28528,1511968213.76
1738.0,4,11,2.28643,1511968215.54
1742.0,4,11,2.28567,1511968217.32
1746.0,4,11,2.28533,1511968219.1
1750.0,4,11,2.28596,1511968220.67
1754.0,4,11,2.28572,1511968222.26
1758.0,4,11,2.28722,1511968223.98
1762.0,4,11,2.28562,1511968225.53
1766.0,4,11,2.28517,1511968227.24
1770.0,4,11,2.2852,1511968228.98
1774.0,4,11,2.28714,1511968230.78
1778.0,4,11,2.28521,1511968232.53
1782.0,4,11,2.28591,1511968234.17
1786.0,4,11,2.28692,1511968235.97
1790.0,4,11,2.2859,1511968237.73
1794.0,4,11,2.28802,1511968239.34
1798.0,4,11,2.28557,1511968241.12
1802.0,4,11,2.28787,1511968242.87
1806.0,4,11,2.28456,1511968244.63
1810.0,4,11,2.28426,1511968246.31
1814.0,4,11,2.28658,1511968248.09
1818.0,4,11,2.28444,1511968249.93
1822.0,4,11,2.28549,1511968251.59
1826.0,4,11,2.28513,1511968253.34
1830.0,4,11,2.28448,1511968255.0
1834.0,4,11,2.28424,1511968256.73
1838.0,4,11,2.2846,1511968258.48
1842.0,4,11,2.28627,1511968260.21
1846.0,4,11,2.28563,1511968261.81
1850.0,4,11,2.28462,1511968263.53
1854.0,4,11,2.28556,1511968265.24
1858.0,4,11,2.28598,1511968267.0
1862.0,4,11,2.28433,1511968268.55
1866.0,4,11,2.28487,1511968270.15
1870.0,4,11,2.28363,1511968271.87
1874.0,4,11,2.28732,1511968273.49
1878.0,4,11,2.28533,1511968275.13
1882.0,4,11,2.28474,1511968276.77
1886.0,4,11,2.28418,1511968278.56
1890.0,4,11,2.28565,1511968280.35
1894.0,4,11,2.28525,1511968281.98
1898.0,4,11,2.28219,1511968283.58
1902.0,4,11,2.28601,1511968285.4
1906.0,4,11,2.28625,1511968287.21
1910.0,4,11,2.28692,1511968288.98
1914.0,4,11,2.28298,1511968290.78
1918.0,4,11,2.28498,1511968292.58
1922.0,4,11,2.28419,1511968294.32
1926.0,4,11,2.28256,1511968296.12
1930.0,4,11,2.28407,1511968297.88
1934.0,4,11,2.28226,1511968299.5
1938.0,4,11,2.28412,1511968301.33
1942.0,4,11,2.28374,1511968302.98
1946.0,4,11,2.28493,1511968304.69
1950.0,4,11,2.28331,1511968306.47
1954.0,4,11,2.28197,1511968308.19
1958.0,4,11,2.28232,1511968309.93
1962.0,4,11,2.28195,1511968311.73
1966.0,4,11,2.28478,1511968313.46
1970.0,4,11,2.28273,1511968315.1
1974.0,4,11,2.28301,1511968316.77
1978.0,4,11,2.28428,1511968318.49
1982.0,4,11,2.28473,1511968320.27
1986.0,4,11,2.28346,1511968321.91
1990.0,4,11,2.28142,1511968323.64
1994.0,4,11,2.28217,1511968325.37
1998.0,4,11,2.28405,1511968327.14
2002.0,4,11,2.28258,1511968328.88
2006.0,4,11,2.28289,1511968330.65
2010.0,4,11,2.28053,1511968332.4
2014.0,4,11,2.28547,1511968334.15
2018.0,4,11,2.28329,1511968335.91
2022.0,4,11,2.28333,1511968337.52
2026.0,4,11,2.28463,1511968339.19
2030.0,4,11,2.28135,1511968340.9
2034.0,4,11,2.28352,1511968342.65
2038.0,4,11,2.28242,1511968344.34
2042.0,4,11,2.28366,1511968346.09
2046.0,4,11,2.28351,1511968347.87
2050.0,4,11,2.28326,1511968349.54
2054.0,4,11,2.28268,1511968351.12
2058.0,4,11,2.28091,1511968352.88
2062.0,4,11,2.28317,1511968354.58
2066.0,4,11,2.2839,1511968356.2
2070.0,4,11,2.28294,1511968357.89
2074.0,4,11,2.28499,1511968359.61
2078.0,4,11,2.28242,1511968361.36
2082.0,4,11,2.28095,1511968363.14
2086.0,4,11,2.28333,1511968364.8
2090.0,4,11,2.28209,1511968366.36
2094.0,4,11,2.28107,1511968368.1
2098.0,4,11,2.28217,1511968369.79
2102.0,4,11,2.28153,1511968371.5
2105.0,4,11,2.28173,1511968373.22
2109.0,4,11,2.28117,1511968374.95
2114.0,4,11,2.28148,1511968376.63
2116.0,4,11,2.28262,1511968378.37
2120.0,4,11,2.28246,1511968380.05
2124.0,4,11,2.2815,1511968381.81
2128.0,4,11,2.28269,1511968383.63
2133.0,4,11,2.28219,1511968385.26
2136.0,4,11,2.28292,1511968386.94
2140.0,4,11,2.28173,1511968388.6
2144.0,4,11,2.2803,1511968390.43
2148.0,4,11,2.2821,1511968392.15
2153.0,4,11,2.2827,1511968393.88
2157.0,4,11,2.28309,1511968395.47
2160.0,4,11,2.28065,1511968397.32
2165.0,4,11,2.28298,1511968398.91
2168.0,4,11,2.2812,1511968400.65
2172.0,4,11,2.27975,1511968402.39
2176.0,4,11,2.28105,1511968404.18
2181.0,4,11,2.28053,1511968405.78
2184.0,4,11,2.28067,1511968407.4
2188.0,4,11,2.28032,1511968409.07
2192.0,4,11,2.28253,1511968410.75
2196.0,4,11,2.28203,1511968412.54
2200.0,4,11,2.28081,1511968414.34
2204.0,4,11,2.27998,1511968416.07
2208.0,4,11,2.28225,1511968417.7
2212.0,4,11,2.28106,1511968419.36
2216.0,4,11,2.28048,1511968421.22
2220.0,4,11,2.27864,1511968422.98
2224.0,4,11,2.28228,1511968424.7
2228.0,4,11,2.28007,1511968426.48
2232.0,4,11,2.27988,1511968428.25
2236.0,4,11,2.28232,1511968430.03
2240.0,4,11,2.28243,1511968431.66
2244.0,4,11,2.28015,1511968433.29
2247.0,4,11,2.28285,1511968435.06
2251.0,4,11,2.28132,1511968436.79
2255.0,4,11,2.27911,1511968438.56
2259.0,4,11,2.27866,1511968440.22
2264.0,4,11,2.28133,1511968442.02
2268.0,4,11,2.28223,1511968443.82
2273.0,4,11,2.28177,1511968445.59
2277.0,4,11,2.28156,1511968447.36
2281.0,4,11,2.27915,1511968449.12
2285.0,4,11,2.27893,1511968450.85
2288.0,4,11,2.28021,1511968452.65
2293.0,4,11,2.27702,1511968454.38
2297.0,4,11,2.28038,1511968456.1
2301.0,4,11,2.28082,1511968457.87
2305.0,4,11,2.28213,1511968459.66
2310.0,4,11,2.2777,1511968461.47
2314.0,4,11,2.27859,1511968463.2
2318.0,4,11,2.27959,1511968465.02
2322.0,4,11,2.27874,1511968466.79
2326.0,4,11,2.27929,1511968468.59
2330.0,4,11,2.27882,1511968470.22
2334.0,4,11,2.28133,1511968471.8
2338.0,4,11,2.27773,1511968473.51
2342.0,4,11,2.27782,1511968475.14
2346.0,4,11,2.2799,1511968476.96
2350.0,4,11,2.2797,1511968478.74
2355.0,4,11,2.27684,1511968480.37
2359.0,4,11,2.27999,1511968482.03
2362.0,4,11,2.27829,1511968483.7
2366.0,4,11,2.2792,1511968485.41
2370.0,4,11,2.27892,1511968487.18
2374.0,4,11,2.27848,1511968488.8
2378.0,4,11,2.27926,1511968490.6
2382.0,4,11,2.27989,1511968492.3
2386.0,4,11,2.27845,1511968493.99
2390.0,4,11,2.27873,1511968495.73
2394.0,4,11,2.27925,1511968497.48
2398.0,4,11,2.27941,1511968499.12
2402.0,4,11,2.2814,1511968500.78
2406.0,4,11,2.2794,1511968502.5
2410.0,4,11,2.27843,1511968504.23
2414.0,4,11,2.28049,1511968505.97
2418.0,4,11,2.27778,1511968507.7
2422.0,4,11,2.27816,1511968509.42
2426.0,4,11,2.2807,1511968511.19
2430.0,4,11,2.27845,1511968512.81
2434.0,4,11,2.27774,1511968514.65
2439.0,4,11,2.27676,1511968516.42
2442.0,4,11,2.27995,1511968517.98
2446.0,4,11,2.27619,1511968519.69
2450.0,4,11,2.27643,1511968521.48
2454.0,4,11,2.28066,1511968523.34
2459.0,4,11,2.27731,1511968525.12
2463.0,4,11,2.27971,1511968526.85
2467.0,4,11,2.27896,1511968528.59
2471.0,4,11,2.27878,1511968530.45
2475.0,4,11,2.27882,1511968532.08
2479.0,4,11,2.27676,1511968533.72
2482.0,4,11,2.27865,1511968535.27
2486.0,4,11,2.27742,1511968536.82
2490.0,4,11,2.27797,1511968538.57
2494.0,4,11,2.27897,1511968540.35
2498.0,4,11,2.27634,1511968542.06
2502.0,4,11,2.27822,1511968543.82
2506.0,4,11,2.27682,1511968545.67
2510.0,4,11,2.28114,1511968547.43
2514.0,4,11,2.27874,1511968549.15
2519.0,4,11,2.27658,1511968550.92
2523.0,4,11,2.27833,1511968552.51
2526.0,4,11,2.27542,1511968554.28
2531.0,4,11,2.27716,1511968556.01
2535.0,4,11,2.27508,1511968557.77
2539.0,4,11,2.27663,1511968559.43
2543.0,4,11,2.27696,1511968561.18
2547.0,4,11,2.27601,1511968562.9
2551.0,4,11,2.2765,1511968564.51
2554.0,4,11,2.277,1511968566.16
2558.0,4,11,2.27645,1511968567.9
2562.0,4,11,2.27782,1511968569.68
2566.0,4,11,2.27816,1511968571.27
2570.0,4,11,2.2788,1511968573.01
2574.0,4,11,2.27676,1511968574.8
2578.0,4,11,2.27702,1511968576.45
2582.0,4,11,2.27515,1511968578.09
2586.0,4,11,2.27697,1511968579.91
2590.0,4,11,2.27639,1511968581.48
2594.0,4,11,2.27411,1511968583.11
2598.0,4,11,2.27603,1511968584.85
2602.0,4,11,2.27611,1511968586.46
2606.0,4,11,2.27574,1511968588.18
2610.0,4,11,2.2751,1511968589.91
2614.0,4,11,2.27713,1511968591.47
2618.0,4,11,2.27601,1511968593.26
2622.0,4,11,2.27543,1511968594.89
2626.0,4,11,2.27735,1511968596.61
2630.0,4,11,2.27353,1511968598.29
2634.0,4,11,2.28004,1511968599.91
2638.0,4,11,2.27719,1511968601.63
2642.0,4,11,2.27451,1511968603.37
2646.0,4,11,2.27319,1511968605.04
2650.0,4,11,2.27637,1511968606.68
2654.0,4,11,2.27547,1511968608.48
2658.0,4,11,2.27514,1511968610.2
2662.0,4,11,2.27605,1511968611.79
2666.0,4,11,2.27505,1511968613.36
2670.0,4,11,2.27483,1511968615.07
2674.0,4,11,2.27498,1511968616.9
2678.0,4,11,2.27866,1511968618.61
2682.0,4,11,2.27589,1511968620.26
2686.0,4,11,2.27363,1511968621.84
2690.0,4,11,2.27706,1511968623.6
2694.0,4,11,2.27518,1511968625.22
2698.0,4,11,2.27663,1511968627.0
2702.0,4,11,2.27609,1511968628.72
2706.0,4,11,2.27677,1511968630.47
2710.0,4,11,2.27299,1511968632.19
2714.0,4,11,2.27611,1511968633.94
2718.0,4,11,2.27049,1511968635.54
2722.0,4,11,2.27425,1511968637.16
2726.0,4,11,2.27239,1511968638.85
2729.0,4,11,2.27523,1511968640.66
2734.0,4,11,2.2754,1511968642.29
2738.0,4,11,2.27427,1511968644.06
2742.0,4,11,2.27352,1511968645.78
2746.0,4,11,2.27323,1511968647.58
2750.0,4,11,2.27484,1511968649.29
2754.0,4,11,2.27534,1511968651.1
2758.0,4,11,2.27482,1511968652.82
2762.0,4,11,2.27452,1511968654.54
2766.0,4,11,2.27269,1511968656.26
2770.0,4,11,2.27729,1511968658.01
2774.0,4,11,2.27258,1511968659.87
2778.0,4,11,2.27505,1511968661.7
2782.0,4,11,2.27451,1511968663.36
2786.0,4,11,2.27292,1511968664.99
2790.0,4,11,2.27266,1511968666.78
2794.0,4,11,2.27031,1511968668.49
2798.0,4,11,2.27256,1511968670.21
2802.0,4,11,2.2743,1511968671.99
2806.0,4,11,2.27526,1511968673.61
2810.0,4,11,2.27432,1511968675.19
2814.0,4,11,2.27282,1511968676.78
2817.0,4,11,2.27441,1511968678.58
2821.0,4,11,2.27362,1511968680.18
2825.0,4,11,2.2715,1511968681.81
2829.0,4,11,2.27586,1511968683.44
2833.0,4,11,2.27191,1511968685.1
2836.0,4,11,2.27057,1511968686.9
2841.0,4,11,2.27234,1511968688.69
2845.0,4,11,2.27382,1511968690.55
2849.0,4,11,2.27109,1511968692.29
2854.0,4,11,2.27232,1511968694.06
2858.0,4,11,2.2705,1511968695.7
2862.0,4,11,2.27032,1511968697.43
2866.0,4,11,2.27272,1511968699.15
2870.0,4,11,2.27005,1511968700.88
2874.0,4,11,2.27308,1511968702.64
2878.0,4,11,2.27362,1511968704.41
2882.0,4,11,2.27044,1511968706.02
2886.0,4,11,2.27307,1511968707.86
2890.0,4,11,2.27427,1511968709.71
2894.0,4,11,2.27431,1511968711.46
2898.0,4,11,2.27266,1511968713.19
2902.0,4,11,2.2726,1511968714.95
2906.0,4,11,2.27484,1511968716.54
2910.0,4,11,2.27424,1511968718.36
2914.0,4,11,2.27152,1511968720.08
2918.0,4,11,2.2706,1511968721.81
2922.0,4,11,2.26937,1511968723.52
2926.0,4,11,2.2735,1511968725.27
2930.0,4,11,2.27272,1511968726.94
2934.0,4,11,2.27091,1511968728.72
2938.0,4,11,2.27228,1511968730.52
2942.0,4,11,2.27196,1511968732.16
2946.0,4,11,2.27159,1511968733.84
2950.0,4,11,2.26964,1511968735.55
2954.0,4,11,2.26826,1511968737.27
2958.0,4,11,2.27076,1511968739.02
2962.0,4,11,2.27217,1511968740.78
2966.0,4,11,2.27051,1511968742.51
2970.0,4,11,2.27378,1511968744.32
2974.0,4,11,2.26968,1511968746.04
2978.0,4,11,2.27017,1511968747.82
2982.0,4,11,2.27105,1511968749.48
2986.0,4,11,2.27164,1511968751.13
2990.0,4,11,2.26832,1511968752.83
2994.0,4,11,2.27215,1511968754.46
2998.0,4,11,2.27094,1511968756.22
3002.0,4,11,2.2676,1511968758.01
3006.0,4,11,2.26977,1511968759.75
3010.0,4,11,2.27178,1511968761.53
3014.0,4,11,2.27171,1511968763.34
3018.0,4,11,2.26959,1511968765.01
3022.0,4,11,2.27238,1511968766.77
3026.0,4,11,2.26796,1511968768.4
3029.0,4,11,2.27029,1511968770.1
3034.0,4,11,2.26995,1511968771.7
3038.0,4,11,2.27254,1511968773.47
3042.0,4,11,2.26973,1511968775.18
3046.0,4,11,2.2695,1511968776.97
3050.0,4,11,2.27014,1511968778.74
3054.0,4,11,2.26927,1511968780.4
3058.0,4,11,2.26836,1511968782.06
3061.0,4,11,2.26799,1511968783.8
3066.0,4,11,2.26832,1511968785.55
3070.0,4,11,2.26937,1511968787.2
3073.0,4,11,2.27061,1511968788.87
3076.0,4,11,2.26957,1511968790.43
3080.0,4,11,2.26734,1511968792.16
3084.0,4,11,2.26949,1511968793.89
3088.0,4,11,2.26762,1511968795.55
3092.0,4,11,2.26816,1511968797.26
3096.0,4,11,2.27025,1511968798.98
3100.0,4,11,2.26761,1511968800.75
3104.0,4,11,2.26824,1511968802.52
3108.0,4,11,2.26735,1511968804.24
3112.0,4,11,2.26891,1511968805.81
3116.0,4,11,2.27125,1511968807.48
3120.0,4,11,2.27022,1511968809.19
3124.0,4,11,2.26788,1511968810.91
3128.0,4,11,2.27062,1511968812.64
3132.0,4,11,2.27089,1511968814.32
3136.0,4,11,2.26685,1511968816.03
3140.0,4,11,2.26984,1511968817.69
3144.0,4,11,2.26821,1511968819.47
3148.0,4,11,2.26671,1511968821.24
3152.0,4,11,2.26753,1511968822.97
3156.0,4,11,2.27123,1511968824.57
3160.0,4,11,2.27119,1511968826.3
3164.0,4,11,2.27042,1511968828.06
3168.0,4,11,2.26774,1511968829.67
3172.0,4,11,2.2701,1511968831.34
3176.0,4,11,2.26892,1511968833.07
3180.0,4,11,2.26705,1511968834.73
3184.0,4,11,2.26511,1511968836.44
3188.0,4,11,2.2673,1511968838.22
3192.0,4,11,2.26751,1511968840.06
3196.0,4,11,2.26633,1511968841.8
3200.0,4,11,2.26808,1511968843.52
3204.0,4,11,2.26563,1511968845.1
3208.0,4,11,2.26443,1511968846.73
3212.0,4,11,2.26874,1511968848.5
3216.0,4,11,2.26443,1511968850.24
3220.0,4,11,2.26794,1511968851.95
3224.0,4,11,2.26908,1511968853.57
3228.0,4,11,2.26791,1511968855.38
3232.0,4,11,2.26965,1511968857.19
3236.0,4,11,2.26501,1511968858.96
3240.0,4,11,2.26726,1511968860.76
3245.0,4,11,2.26621,1511968862.48
3249.0,4,11,2.26852,1511968864.19
3252.0,4,11,2.26711,1511968865.83
3256.0,4,11,2.26493,1511968867.47
3260.0,4,11,2.26941,1511968869.23
3264.0,4,11,2.26801,1511968870.86
3268.0,4,11,2.26412,1511968872.63
3272.0,4,11,2.26722,1511968874.31
3276.0,4,11,2.26567,1511968876.03
3280.0,4,11,2.26675,1511968877.69
3284.0,4,11,2.26441,1511968879.33
3288.0,4,11,2.26415,1511968881.03
3292.0,4,11,2.26206,1511968882.87
3296.0,4,11,2.26515,1511968884.68
3301.0,4,11,2.26615,1511968886.43
3305.0,4,11,2.26765,1511968888.09
3309.0,4,11,2.26714,1511968889.97
3313.0,4,11,2.2656,1511968891.76
3317.0,4,11,2.2655,1511968893.53
3321.0,4,11,2.26448,1511968895.27
3325.0,4,11,2.26117,1511968897.07
3329.0,4,11,2.26435,1511968899.15
3335.0,4,11,2.26445,1511968900.99
3339.0,4,11,2.26578,1511968902.82
3343.0,4,11,2.26507,1511968904.44
3347.0,4,11,2.2659,1511968906.07
3351.0,4,11,2.26272,1511968907.71
3355.0,4,11,2.26282,1511968909.46
3359.0,4,11,2.26404,1511968911.13
3363.0,4,11,2.26629,1511968912.85
3367.0,4,11,2.26406,1511968914.51
3371.0,4,11,2.26696,1511968916.35
3375.0,4,11,2.26425,1511968918.08
3379.0,4,11,2.26599,1511968919.71
3383.0,4,11,2.26225,1511968921.32
3387.0,4,11,2.26562,1511968922.96
3391.0,4,11,2.26728,1511968924.76
3395.0,4,11,2.26036,1511968926.42
3399.0,4,11,2.2658,1511968928.19
3403.0,4,11,2.26109,1511968930.0
3407.0,4,11,2.2628,1511968931.67
3411.0,4,11,2.26404,1511968933.46
3415.0,4,11,2.2639,1511968935.29
3419.0,4,11,2.26333,1511968937.03
3423.0,4,11,2.26545,1511968938.84
3427.0,4,11,2.2634,1511968940.68
3431.0,4,11,2.25943,1511968942.32
3435.0,4,11,2.25876,1511968943.9
3439.0,4,11,2.26116,1511968945.53
3442.0,4,11,2.26217,1511968947.18
3446.0,4,11,2.26681,1511968948.8
3450.0,4,11,2.26201,1511968950.56
3454.0,4,11,2.26598,1511968952.26
3458.0,4,11,2.26253,1511968953.83
3462.0,4,11,2.2628,1511968955.7
3466.0,4,11,2.26262,1511968957.41
3471.0,4,11,2.26488,1511968959.14
3475.0,4,11,2.26246,1511968960.9
3478.0,4,11,2.26275,1511968962.71
3483.0,4,11,2.2634,1511968964.4
3487.0,4,11,2.26708,1511968966.17
3491.0,4,11,2.2616,1511968967.9
3494.0,4,11,2.25969,1511968969.59
3499.0,4,11,2.26283,1511968971.36
3503.0,4,11,2.2638,1511968973.08
3507.0,4,11,2.26429,1511968974.88
3511.0,4,11,2.26221,1511968976.63
3515.0,4,11,2.26147,1511968978.28
3519.0,4,11,2.26276,1511968980.06
3523.0,4,11,2.25995,1511968981.84
3527.0,4,11,2.26058,1511968983.59
3531.0,4,11,2.26378,1511968985.3
3535.0,4,11,2.25945,1511968987.02
3539.0,4,11,2.25987,1511968988.75
3543.0,4,11,2.25791,1511968990.43
3547.0,4,11,2.26409,1511968992.19
3551.0,4,11,2.25851,1511968993.98
3555.0,4,11,2.26027,1511968995.81
3559.0,4,11,2.25774,1511968997.58
3563.0,4,11,2.2613,1511968999.34
3567.0,4,11,2.25717,1511969001.15
3571.0,4,11,2.26088,1511969002.85
3575.0,4,11,2.25748,1511969004.55
3579.0,4,11,2.2618,1511969006.27
3583.0,4,11,2.25752,1511969008.02
3587.0,4,11,2.25933,1511969009.71
3591.0,4,11,2.26283,1511969011.43
3595.0,4,11,2.25687,1511969013.19
3599.0,4,11,2.2603,1511969014.92
3603.0,4,11,2.25975,1511969016.55
3607.0,4,11,2.26195,1511969018.29
3611.0,4,11,2.26232,1511969020.07
3615.0,4,11,2.25782,1511969021.9
3619.0,4,11,2.25641,1511969023.58
3623.0,4,11,2.25474,1511969025.37
3627.0,4,11,2.25977,1511969027.02
3631.0,4,11,2.2589,1511969028.58
3635.0,4,11,2.26178,1511969030.31
3639.0,4,11,2.25997,1511969031.97
3643.0,4,11,2.25945,1511969033.66
3647.0,4,11,2.258,1511969035.43
3651.0,4,11,2.2584,1511969037.15
3655.0,4,11,2.2589,1511969038.91
3659.0,4,11,2.25666,1511969040.64
3663.0,4,11,2.25796,1511969042.41
3667.0,4,11,2.25887,1511969044.03
3671.0,4,11,2.2622,1511969045.73
3675.0,4,11,2.25986,1511969047.37
3679.0,4,11,2.25755,1511969049.09
3683.0,4,11,2.25798,1511969050.81
3687.0,4,11,2.25924,1511969052.53
3691.0,4,11,2.25797,1511969054.28
3695.0,4,11,2.25925,1511969056.04
3699.0,4,11,2.26106,1511969057.74
3703.0,4,11,2.25924,1511969059.44
3707.0,4,11,2.25518,1511969061.18
3711.0,4,11,2.26018,1511969062.9
3715.0,4,11,2.25351,1511969064.65
3719.0,4,11,2.25631,1511969066.43
3723.0,4,11,2.2598,1511969068.08
3727.0,4,11,2.25772,1511969069.78
3731.0,4,11,2.25918,1511969071.59
3735.0,4,11,2.25662,1511969073.26
3739.0,4,11,2.25775,1511969075.02
3743.0,4,11,2.25637,1511969076.77
3747.0,4,11,2.25702,1511969078.55
3751.0,4,11,2.25837,1511969080.38
3755.0,4,11,2.25752,1511969082.03
3759.0,4,11,2.25699,1511969083.81
3763.0,4,11,2.25557,1511969085.55
3767.0,4,11,2.25627,1511969087.2
3771.0,4,11,2.25549,1511969088.95
3775.0,4,11,2.25761,1511969090.52
3779.0,4,11,2.25808,1511969092.34
3784.0,4,11,2.25704,1511969094.1
3788.0,4,11,2.25767,1511969095.86
3792.0,4,11,2.25533,1511969097.65
3796.0,4,11,2.25614,1511969099.26
3799.0,4,11,2.25139,1511969100.98
3803.0,4,11,2.25556,1511969102.77
3808.0,4,11,2.25732,1511969104.55
3812.0,4,11,2.25342,1511969106.28
3816.0,4,11,2.25736,1511969107.87
3820.0,4,11,2.25478,1511969109.63
3824.0,4,11,2.25919,1511969111.31
3828.0,4,11,2.25139,1511969113.13
3832.0,4,11,2.25346,1511969114.93
3836.0,4,11,2.25434,1511969116.68
3840.0,4,11,2.25636,1511969118.4
3844.0,4,11,2.26072,1511969120.19
3848.0,4,11,2.25488,1511969122.02
3852.0,4,11,2.25431,1511969123.77
3856.0,4,11,2.2552,1511969125.5
3860.0,4,11,2.25532,1511969127.19
3864.0,4,11,2.25508,1511969128.92
3868.0,4,11,2.25059,1511969130.64
3873.0,4,11,2.25538,1511969132.38
3876.0,4,11,2.25155,1511969134.04
3880.0,4,11,2.25586,1511969135.86
3885.0,4,11,2.25173,1511969137.58
3888.0,4,11,2.25482,1511969139.17
3892.0,4,11,2.25207,1511969140.79
3896.0,4,11,2.25814,1511969142.44
3900.0,4,11,2.25438,1511969144.16
3904.0,4,11,2.25431,1511969145.81
3908.0,4,11,2.25372,1511969147.53
3912.0,4,11,2.25348,1511969149.29
3916.0,4,11,2.25063,1511969151.02
3920.0,4,11,2.25422,1511969152.76
3924.0,4,11,2.25248,1511969154.44
3928.0,4,11,2.25532,1511969156.21
3932.0,4,11,2.25403,1511969157.78
3936.0,4,11,2.25522,1511969159.41
3940.0,4,11,2.25504,1511969161.14
3944.0,4,11,2.25043,1511969162.9
3948.0,4,11,2.25299,1511969164.74
3952.0,4,11,2.25586,1511969166.41
3956.0,4,11,2.25254,1511969168.21
3960.0,4,11,2.2543,1511969169.94
3964.0,4,11,2.24776,1511969171.57
3968.0,4,11,2.25231,1511969173.34
3972.0,4,11,2.25344,1511969175.02
3977.0,4,11,2.25159,1511969176.7
3981.0,4,11,2.24732,1511969178.47
3985.0,4,11,2.25307,1511969180.23
3989.0,4,11,2.25135,1511969182.02
3993.0,4,11,2.25081,1511969183.81
3997.0,4,11,2.25284,1511969185.58
4001.0,4,11,2.2499,1511969187.24
4005.0,4,11,2.24867,1511969188.99
4009.0,4,11,2.2496,1511969190.72
4013.0,4,11,2.25295,1511969192.57
4017.0,4,11,2.25153,1511969194.16
4021.0,4,11,2.24709,1511969195.83
4025.0,4,11,2.24887,1511969197.5
4029.0,4,11,2.25273,1511969199.31
4033.0,4,11,2.25211,1511969201.1
4037.0,4,11,2.24984,1511969202.66
4041.0,4,11,2.25077,1511969204.42
4045.0,4,11,2.25132,1511969206.37
4049.0,4,11,2.25151,1511969208.08
4053.0,4,11,2.24871,1511969209.8
4057.0,4,11,2.2526,1511969211.42
4061.0,4,11,2.24956,1511969213.13
4065.0,4,11,2.2494,1511969214.9
4069.0,4,11,2.24796,1511969216.65
4073.0,4,11,2.25205,1511969218.42
4077.0,4,11,2.25014,1511969220.06
4081.0,4,11,2.2478,1511969221.62
4085.0,4,11,2.25003,1511969223.38
4089.0,4,11,2.24931,1511969225.09
4093.0,4,11,2.25061,1511969226.65
4097.0,4,11,2.254,1511969228.29
4101.0,4,11,2.24717,1511969230.05
4105.0,4,11,2.25102,1511969231.75
4109.0,4,11,2.25234,1511969233.42
4113.0,4,11,2.24673,1511969235.19
4117.0,4,11,2.24852,1511969236.82
4121.0,4,11,2.25211,1511969238.39
4125.0,4,11,2.24703,1511969240.16
4129.0,4,11,2.24971,1511969241.89
4133.0,4,11,2.24595,1511969243.64
4137.0,4,11,2.24717,1511969245.46
4141.0,4,11,2.24947,1511969247.16
4145.0,4,11,2.24669,1511969248.98
4149.0,4,11,2.24514,1511969250.79
4153.0,4,11,2.24605,1511969252.43
4157.0,4,11,2.244,1511969254.16
4161.0,4,11,2.24653,1511969255.8
4165.0,4,11,2.25026,1511969257.49
4169.0,4,11,2.24273,1511969259.12
4173.0,4,11,2.2495,1511969260.78
4177.0,4,11,2.24545,1511969262.58
4181.0,4,11,2.24435,1511969264.27
4185.0,4,11,2.24757,1511969266.07
4189.0,4,11,2.24373,1511969267.8
4193.0,4,11,2.24661,1511969269.43
4197.0,4,11,2.24586,1511969271.15
4200.0,4,11,2.24735,1511969272.72
4203.0,4,11,2.24843,1511969274.43
4207.0,4,11,2.24815,1511969276.02
4210.0,4,11,2.24528,1511969277.7
4214.0,4,11,2.24573,1511969279.49
4219.0,4,11,2.24857,1511969281.31
4224.0,4,11,2.24526,1511969282.99
4227.0,4,11,2.24918,1511969284.7
4231.0,4,11,2.24429,1511969286.37
4236.0,4,11,2.24246,1511969288.09
4240.0,4,11,2.24743,1511969289.81
4244.0,4,11,2.24334,1511969291.48
4248.0,4,11,2.25015,1511969293.26
4252.0,4,11,2.24495,1511969295.12
4257.0,4,11,2.24446,1511969296.82
4260.0,4,11,2.24402,1511969298.45
4263.0,4,11,2.24262,1511969300.2
4267.0,4,11,2.24309,1511969301.99
4272.0,4,11,2.24946,1511969303.79
4276.0,4,11,2.23931,1511969305.63
4280.0,4,11,2.24116,1511969307.48
4285.0,4,11,2.24198,1511969309.26
4289.0,4,11,2.24872,1511969311.16
4293.0,4,11,2.23801,1511969312.88
4297.0,4,11,2.25015,1511969314.61
4301.0,4,11,2.24497,1511969316.35
4305.0,4,11,2.24522,1511969318.09
4309.0,4,11,2.24257,1511969319.84
4313.0,4,11,2.24806,1511969321.64
4317.0,4,11,2.24367,1511969323.32
4321.0,4,11,2.24575,1511969325.01
4325.0,4,11,2.23782,1511969326.61
4329.0,4,11,2.24419,1511969328.34
4333.0,4,11,2.24317,1511969329.99
4337.0,4,11,2.24328,1511969331.72
4341.0,4,11,2.24658,1511969333.42
4345.0,4,11,2.24265,1511969335.08
4349.0,4,11,2.2404,1511969336.74
4353.0,4,11,2.24298,1511969338.53
4357.0,4,11,2.24199,1511969340.27
4361.0,4,11,2.23968,1511969342.0
4365.0,4,11,2.23909,1511969343.77
4369.0,4,11,2.23913,1511969345.54
4373.0,4,11,2.24572,1511969347.21
4377.0,4,11,2.23526,1511969349.01
4381.0,4,11,2.24309,1511969350.75
4385.0,4,11,2.23922,1511969352.56
4389.0,4,11,2.24257,1511969354.25
4393.0,4,11,2.24277,1511969356.11
4397.0,4,11,2.24568,1511969357.92
4401.0,4,11,2.24435,1511969359.5
4405.0,4,11,2.24079,1511969361.25
4409.0,4,11,2.24325,1511969362.93
4413.0,4,11,2.23863,1511969364.65
4417.0,4,11,2.24151,1511969366.39
4421.0,4,11,2.24022,1511969368.1
4425.0,4,11,2.24385,1511969369.83
4429.0,4,11,2.23703,1511969371.63
4433.0,4,11,2.24464,1511969373.49
4437.0,4,11,2.23847,1511969375.15
4441.0,4,11,2.24322,1511969376.87
4445.0,4,11,2.23585,1511969378.51
4449.0,4,11,2.24174,1511969380.2
4453.0,4,11,2.23904,1511969381.95
4457.0,4,11,2.23805,1511969383.76
4461.0,4,11,2.23662,1511969385.48
4465.0,4,11,2.24319,1511969387.18
4469.0,4,11,2.24079,1511969388.82
4473.0,4,11,2.23398,1511969390.41
4477.0,4,11,2.23729,1511969392.29
4481.0,4,11,2.24335,1511969394.1
4485.0,4,11,2.23605,1511969395.77
4489.0,4,11,2.23784,1511969397.57
4493.0,4,11,2.23971,1511969399.12
4497.0,4,11,2.24108,1511969400.78
4501.0,4,11,2.23964,1511969402.44
4505.0,4,11,2.23952,1511969404.18
4509.0,4,11,2.23551,1511969405.98
4513.0,4,11,2.23567,1511969407.7
4517.0,4,11,2.23827,1511969409.36
4521.0,4,11,2.23265,1511969411.15
4525.0,4,11,2.23176,1511969412.73
4528.0,4,11,2.24103,1511969414.48
4532.0,4,11,2.23866,1511969416.26
4537.0,4,11,2.23501,1511969417.94
4540.0,4,11,2.23634,1511969419.58
4544.0,4,11,2.23467,1511969421.26
4548.0,4,11,2.23986,1511969423.03
4552.0,4,11,2.23284,1511969424.87
4557.0,4,11,2.23321,1511969426.65
4561.0,4,11,2.23509,1511969428.44
4565.0,4,11,2.23993,1511969430.15
4569.0,4,11,2.24209,1511969431.88
4573.0,4,11,2.23806,1511969433.61
4577.0,4,11,2.23698,1511969435.24
4581.0,4,11,2.2374,1511969436.87
4585.0,4,11,2.23859,1511969438.6
4589.0,4,11,2.23868,1511969440.32
4593.0,4,11,2.23763,1511969442.06
4596.0,4,11,2.24106,1511969443.69
4600.0,4,11,2.2365,1511969445.42
4604.0,4,11,2.23453,1511969447.19
4609.0,4,11,2.23427,1511969448.92
4613.0,4,11,2.23965,1511969450.6
4616.0,4,11,2.23742,1511969452.29
4619.0,4,11,2.23659,1511969453.99
4623.0,4,11,2.23181,1511969455.78
4627.0,4,11,2.22885,1511969457.6
4631.0,4,11,2.23461,1511969459.39
4636.0,4,11,2.23866,1511969461.1
4639.0,4,11,2.23574,1511969462.67
4643.0,4,11,2.23756,1511969464.47
4647.0,4,11,2.23199,1511969466.23
4652.0,4,11,2.23784,1511969468.05
4656.0,4,11,2.23717,1511969469.82
4660.0,4,11,2.23188,1511969471.57
4664.0,4,11,2.2349,1511969473.38
4668.0,4,11,2.23617,1511969475.12
4672.0,4,11,2.23137,1511969476.91
4676.0,4,11,2.23664,1511969478.63
4680.0,4,11,2.22562,1511969480.42
4685.0,4,11,2.2311,1511969482.29
4690.0,4,11,2.23032,1511969483.86
4693.0,4,11,2.23433,1511969485.48
4697.0,4,11,2.23216,1511969487.25
4701.0,4,11,2.2347,1511969488.91
4705.0,4,11,2.23304,1511969490.73
4709.0,4,11,2.23261,1511969492.56
4713.0,4,11,2.23136,1511969494.32
4717.0,4,11,2.23266,1511969496.11
4721.0,4,11,2.24088,1511969497.85
4725.0,4,11,2.23076,1511969499.48
4729.0,4,11,2.22714,1511969501.21
4733.0,4,11,2.23475,1511969502.97
4737.0,4,11,2.23522,1511969504.69
4741.0,4,11,2.22875,1511969506.45
4746.0,4,11,2.22909,1511969508.22
4750.0,4,11,2.23171,1511969509.93
4754.0,4,11,2.22922,1511969511.72
4758.0,4,11,2.23143,1511969513.39
4762.0,4,11,2.23211,1511969515.09
4766.0,4,11,2.23461,1511969516.89
4770.0,4,11,2.22796,1511969518.59
4774.0,4,11,2.22614,1511969520.41
4778.0,4,11,2.23212,1511969522.18
4782.0,4,11,2.23057,1511969523.83
4786.0,4,11,2.23337,1511969525.51
4789.0,4,11,2.23024,1511969527.24
4793.0,4,11,2.22819,1511969528.91
4797.0,4,11,2.23133,1511969530.76
4801.0,4,11,2.22548,1511969532.52
4806.0,4,11,2.22958,1511969534.23
4810.0,4,11,2.23061,1511969535.93
4814.0,4,11,2.23106,1511969537.55
4817.0,4,11,2.22358,1511969539.29
4822.0,4,11,2.22548,1511969541.03
4826.0,4,11,2.22962,1511969542.86
4830.0,4,11,2.22926,1511969544.62
4834.0,4,11,2.22596,1511969546.3
4838.0,4,11,2.23379,1511969547.95
4842.0,4,11,2.22425,1511969549.59
4846.0,4,11,2.225,1511969551.3
4850.0,4,11,2.22901,1511969553.13
4854.0,4,11,2.2211,1511969554.9
4858.0,4,11,2.22436,1511969556.69
4863.0,4,11,2.22202,1511969558.41
4867.0,4,11,2.22917,1511969560.06
4871.0,4,11,2.224,1511969561.81
4875.0,4,11,2.22527,1511969563.6
4879.0,4,11,2.2337,1511969565.28
4883.0,4,11,2.219,1511969567.01
4887.0,4,11,2.22699,1511969568.73
4891.0,4,11,2.22417,1511969570.37
4895.0,4,11,2.22592,1511969572.06
4899.0,4,11,2.22776,1511969573.81
4903.0,4,11,2.21547,1511969575.57
4907.0,4,11,2.23099,1511969577.32
4911.0,4,11,2.22541,1511969578.96
4915.0,4,11,2.22554,1511969580.73
4919.0,4,11,2.22811,1511969582.4
4923.0,4,11,2.22299,1511969584.15
4927.0,4,11,2.22323,1511969585.88
4931.0,4,11,2.23163,1511969587.7
4935.0,4,11,2.22403,1511969589.66
4939.0,4,11,2.22038,1511969591.23
4943.0,4,11,2.22039,1511969592.89
4947.0,4,11,2.22143,1511969594.69
4951.0,4,11,2.22156,1511969596.36
4955.0,4,11,2.22709,1511969598.01
4959.0,4,11,2.22278,1511969599.74
4963.0,4,11,2.21964,1511969601.48
4966.0,4,11,2.22854,1511969603.13
4970.0,4,11,2.22581,1511969604.8
4974.0,4,11,2.22004,1511969606.54
4978.0,4,11,2.22481,1511969608.22
4982.0,4,11,2.22283,1511969609.97
4986.0,4,11,2.22403,1511969611.82
4991.0,4,11,2.22752,1511969613.48
4995.0,4,11,2.22554,1511969615.14
4999.0,4,11,2.21873,1511969616.81
5002.0,4,11,2.21716,1511969618.48
5006.0,4,11,2.22077,1511969620.15
5010.0,4,11,2.22158,1511969621.8
5014.0,4,11,2.2199,1511969623.47
5018.0,4,11,2.21756,1511969625.06
5022.0,4,11,2.22395,1511969626.72
5026.0,4,11,2.22099,1511969628.35
5029.0,4,11,2.23042,1511969630.2
5034.0,4,11,2.22734,1511969631.83
5038.0,4,11,2.22236,1511969633.58
5042.0,4,11,2.21563,1511969635.36
5046.0,4,11,2.21662,1511969636.93
5050.0,4,11,2.21711,1511969638.75
5054.0,4,11,2.22349,1511969640.49
5058.0,4,11,2.21792,1511969642.25
5062.0,4,11,2.21628,1511969643.82
5066.0,4,11,2.21822,1511969645.45
5070.0,4,11,2.22323,1511969647.08
5074.0,4,11,2.22258,1511969648.86
5078.0,4,11,2.21972,1511969650.62
5082.0,4,11,2.21698,1511969652.4
5086.0,4,11,2.21756,1511969654.11
5090.0,4,11,2.22453,1511969655.82
5094.0,4,11,2.22064,1511969657.5
5098.0,4,11,2.21994,1511969659.25
5102.0,4,11,2.2226,1511969661.02
5106.0,4,11,2.22219,1511969662.72
5110.0,4,11,2.21604,1511969664.51
5114.0,4,11,2.22393,1511969666.26
5118.0,4,11,2.21284,1511969667.89
5122.0,4,11,2.21664,1511969669.66
5126.0,4,11,2.21489,1511969671.47
5130.0,4,11,2.21681,1511969673.08
5134.0,4,11,2.2086,1511969674.73
5138.0,4,11,2.22656,1511969676.39
5142.0,4,11,2.21496,1511969677.97
5146.0,4,11,2.21482,1511969679.9
5150.0,4,11,2.21598,1511969681.71
5154.0,4,11,2.21505,1511969683.53
5158.0,4,11,2.22154,1511969685.35
5163.0,4,11,2.21301,1511969687.1
5167.0,4,11,2.21297,1511969688.85
5171.0,4,11,2.22325,1511969690.65
5175.0,4,11,2.20935,1511969692.28
5179.0,4,11,2.21375,1511969694.08
5183.0,4,11,2.2158,1511969695.79
5187.0,4,11,2.22367,1511969697.49
5191.0,4,11,2.20755,1511969699.23
5195.0,4,11,2.21385,1511969700.96
5199.0,4,11,2.2072,1511969702.64
5203.0,4,11,2.21881,1511969704.42
5208.0,4,11,2.21167,1511969706.17
5212.0,4,11,2.21758,1511969707.88
5216.0,4,11,2.21553,1511969709.61
5220.0,4,11,2.21516,1511969711.39
5224.0,4,11,2.20958,1511969713.13
5228.0,4,11,2.21345,1511969714.76
5232.0,4,11,2.21973,1511969716.51
5236.0,4,11,2.21337,1511969718.18
5240.0,4,11,2.2072,1511969719.84
5244.0,4,11,2.21388,1511969721.66
5248.0,4,11,2.21703,1511969723.31
5252.0,4,11,2.21078,1511969725.0
5256.0,4,11,2.21112,1511969726.7
5260.0,4,11,2.21964,1511969728.5
5264.0,4,11,2.20965,1511969730.14
5268.0,4,11,2.21346,1511969731.89
5272.0,4,11,2.22192,1511969733.63
5276.0,4,11,2.20416,1511969735.3
5280.0,4,11,2.21484,1511969737.05
5284.0,4,11,2.20529,1511969738.87
5288.0,4,11,2.21407,1511969740.49
5292.0,4,11,2.21537,1511969742.09
5296.0,4,11,2.2096,1511969743.81
5300.0,4,11,2.21159,1511969745.51
5304.0,4,11,2.21065,1511969747.24
5308.0,4,11,2.21472,1511969748.95
5312.0,4,11,2.21366,1511969750.67
5316.0,4,11,2.20857,1511969752.41
5320.0,4,11,2.21347,1511969754.13
5324.0,4,11,2.20877,1511969755.88
5328.0,4,11,2.21644,1511969757.6
5331.0,4,11,2.22081,1511969759.2
5335.0,4,11,2.20401,1511969761.02
5339.0,4,11,2.2151,1511969762.79
5344.0,4,11,2.2128,1511969764.49
5348.0,4,11,2.20829,1511969766.19
5352.0,4,11,2.20445,1511969768.02
5356.0,4,11,2.20916,1511969769.67
5360.0,4,11,2.20446,1511969771.29
5364.0,4,11,2.21428,1511969773.02
5367.0,4,11,2.21531,1511969774.68
5372.0,4,11,2.20116,1511969776.35
5374.0,4,11,2.20964,1511969778.1
5378.0,4,11,2.20774,1511969779.95
5384.0,4,11,2.21451,1511969781.64
5387.0,4,11,2.20923,1511969783.29
5390.0,4,11,2.21374,1511969785.06
5395.0,4,11,2.20246,1511969786.83
5399.0,4,11,2.2147,1511969788.51
5403.0,4,11,2.20995,1511969790.25
5407.0,4,11,2.20778,1511969791.92
5411.0,4,11,2.21142,1511969793.67
5415.0,4,11,2.20365,1511969795.46
5419.0,4,11,2.20219,1511969797.2
5423.0,4,11,2.19836,1511969798.97
5427.0,4,11,2.2103,1511969800.71
5432.0,4,11,2.21263,1511969802.36
5435.0,4,11,2.21278,1511969804.02
5439.0,4,11,2.21009,1511969805.78
5443.0,4,11,2.20017,1511969807.41
5447.0,4,11,2.20336,1511969809.06
5451.0,4,11,2.20268,1511969810.74
5454.0,4,11,2.20533,1511969812.45
5459.0,4,11,2.20311,1511969814.17
5462.0,4,11,2.20225,1511969815.83
5466.0,4,11,2.2056,1511969817.54
5470.0,4,11,2.20431,1511969819.3
5475.0,4,11,2.20815,1511969820.96
5479.0,4,11,2.20519,1511969822.72
5483.0,4,11,2.21344,1511969824.44
5487.0,4,11,2.202,1511969826.1
5491.0,4,11,2.21101,1511969827.9
5495.0,4,11,2.20723,1511969829.62
5499.0,4,11,2.20641,1511969831.21
5503.0,4,11,2.20132,1511969832.95
5507.0,4,11,2.20608,1511969834.77
5511.0,4,11,2.19594,1511969836.51
5514.0,4,11,2.20035,1511969838.32
5520.0,4,11,2.20265,1511969840.07
5524.0,4,11,2.2021,1511969841.86
5528.0,4,11,2.19553,1511969843.51
5532.0,4,11,2.20942,1511969845.16
5535.0,4,11,2.19698,1511969846.88
5538.0,4,11,2.20455,1511969848.62
5543.0,4,11,2.20931,1511969850.33
5547.0,4,11,2.20744,1511969852.15
5551.0,4,11,2.2099,1511969853.77
5555.0,4,11,2.19705,1511969855.42
5559.0,4,11,2.19994,1511969857.42
5564.0,4,11,2.20808,1511969859.19
5568.0,4,11,2.19896,1511969860.76
5572.0,4,11,2.20767,1511969862.31
5574.0,4,11,2.20133,1511969864.01
5578.0,4,11,2.1994,1511969865.84
5583.0,4,11,2.19013,1511969867.63
5588.0,4,11,2.20289,1511969869.25
5590.0,4,11,2.19059,1511969871.02
5595.0,4,11,2.20028,1511969872.81
5599.0,4,11,2.19818,1511969874.45
5602.0,4,11,2.20427,1511969876.37
5607.0,4,11,2.19909,1511969878.17
5611.0,4,11,2.19686,1511969879.86
5615.0,4,11,2.20581,1511969881.56
5619.0,4,11,2.20334,1511969883.19
5623.0,4,11,2.1938,1511969884.84
5627.0,4,11,2.19407,1511969886.51
5631.0,4,11,2.18568,1511969888.14
5635.0,4,11,2.20081,1511969889.86
5639.0,4,11,2.20167,1511969891.58
5643.0,4,11,2.20689,1511969893.17
5647.0,4,11,2.19485,1511969894.95
5651.0,4,11,2.18853,1511969896.6
5655.0,4,11,2.19297,1511969898.37
5659.0,4,11,2.19998,1511969900.0
5662.0,4,11,2.18316,1511969901.63
5666.0,4,11,2.19229,1511969903.36
5670.0,4,11,2.20125,1511969905.13
5674.0,4,11,2.19765,1511969906.98
5679.0,4,11,2.19499,1511969908.78
5683.0,4,11,2.20486,1511969910.53
5687.0,4,11,2.19637,1511969912.35
5691.0,4,11,2.19214,1511969914.13
5695.0,4,11,2.18543,1511969915.87
5699.0,4,11,2.1859,1511969917.59
5703.0,4,11,2.19593,1511969919.26
5707.0,4,11,2.19414,1511969920.92
5711.0,4,11,2.19538,1511969922.64
5715.0,4,11,2.20158,1511969924.38
5719.0,4,11,2.19948,1511969926.12
5723.0,4,11,2.18741,1511969927.88
5727.0,4,11,2.20002,1511969929.66
5731.0,4,11,2.19261,1511969931.51
5735.0,4,11,2.19475,1511969933.25
5739.0,4,11,2.17682,1511969934.98
5743.0,4,11,2.19377,1511969936.7
5747.0,4,11,2.18525,1511969938.49
5751.0,4,11,2.20218,1511969940.11
5755.0,4,11,2.19701,1511969941.95
5759.0,4,11,2.18715,1511969943.76
5763.0,4,11,2.19293,1511969945.48
5767.0,4,11,2.19011,1511969947.25
5771.0,4,11,2.18952,1511969949.02
5775.0,4,11,2.19104,1511969950.81
5779.0,4,11,2.18596,1511969952.49
5783.0,4,11,2.19795,1511969954.22
5787.0,4,11,2.19473,1511969956.0
5791.0,4,11,2.19131,1511969957.65
5795.0,4,11,2.18201,1511969959.38
5799.0,4,11,2.19564,1511969961.02
5803.0,4,11,2.2026,1511969962.77
5807.0,4,11,2.19292,1511969964.49
5811.0,4,11,2.19336,1511969966.13
5815.0,4,11,2.19265,1511969967.76
5819.0,4,11,2.18994,1511969969.49
5823.0,4,11,2.18837,1511969971.26
5827.0,4,11,2.19321,1511969972.89
5831.0,4,11,2.18817,1511969974.56
5835.0,4,11,2.19019,1511969976.33
5839.0,4,11,2.18277,1511969978.08
5843.0,4,11,2.18499,1511969979.91
5847.0,4,11,2.19795,1511969981.59
5851.0,4,11,2.19466,1511969983.21
5855.0,4,11,2.19155,1511969984.96
5859.0,4,11,2.18672,1511969986.79
5863.0,4,11,2.18739,1511969988.54
5867.0,4,11,2.18753,1511969990.26
5871.0,4,11,2.19107,1511969992.0
5875.0,4,11,2.18785,1511969993.78
5879.0,4,11,2.1797,1511969995.57
5883.0,4,11,2.18332,1511969997.34
5887.0,4,11,2.18922,1511969999.11
5891.0,4,11,2.18115,1511970000.79
5895.0,4,11,2.17675,1511970002.45
5899.0,4,11,2.1848,1511970004.2
5903.0,4,11,2.19798,1511970006.0
5907.0,4,11,2.19104,1511970007.88
5911.0,4,11,2.18708,1511970009.46
5915.0,4,11,2.19206,1511970011.15
5919.0,4,11,2.17667,1511970012.91
5923.0,4,11,2.17859,1511970014.63
5927.0,4,11,2.19178,1511970016.25
5931.0,4,11,2.18494,1511970018.05
5935.0,4,11,2.1767,1511970019.73
5939.0,4,11,2.18,1511970021.39
5943.0,4,11,2.19007,1511970022.98
5947.0,4,11,2.18982,1511970024.71
5951.0,4,11,2.17346,1511970026.52
5955.0,4,11,2.18542,1511970028.2
5959.0,4,11,2.18719,1511970030.0
5963.0,4,11,2.1833,1511970031.69
5967.0,4,11,2.18348,1511970033.36
5971.0,4,11,2.18878,1511970035.2
5975.0,4,11,2.1864,1511970036.96
5979.0,4,11,2.18493,1511970038.78
5983.0,4,11,2.1826,1511970040.42
5987.0,4,11,2.19414,1511970042.24
5991.0,4,11,2.18468,1511970043.9
5995.0,4,11,2.17807,1511970045.62
5999.0,4,11,2.18,1511970047.35
6003.0,4,11,2.17937,1511970048.93
6007.0,4,11,2.18492,1511970050.65
6011.0,4,11,2.17799,1511970052.35
6015.0,4,11,2.17578,1511970053.93
6019.0,4,11,2.17719,1511970055.62
6022.0,4,11,2.18371,1511970057.27
6026.0,4,11,2.1847,1511970058.96
6030.0,4,11,2.17885,1511970060.67
6034.0,4,11,2.17331,1511970062.41
6038.0,4,11,2.18575,1511970064.06
6042.0,4,11,2.17327,1511970065.7
6046.0,4,11,2.17533,1511970067.55
6050.0,4,11,2.18327,1511970069.37
6054.0,4,11,2.18739,1511970070.96
6058.0,4,11,2.1769,1511970072.76
6062.0,4,11,2.17204,1511970074.39
6066.0,4,11,2.17653,1511970076.13
6071.0,4,11,2.18519,1511970077.91
6074.0,4,11,2.17107,1511970079.69
6079.0,4,11,2.17972,1511970081.37
6082.0,4,11,2.17511,1511970082.99
6086.0,4,11,2.17205,1511970084.78
6090.0,4,11,2.17767,1511970086.55
6094.0,4,11,2.17207,1511970088.11
6098.0,4,11,2.1752,1511970089.82
6102.0,4,11,2.17404,1511970091.56
6106.0,4,11,2.18254,1511970093.19
6110.0,4,11,2.16965,1511970094.97
6114.0,4,11,2.17595,1511970096.64
6118.0,4,11,2.18098,1511970098.4
6122.0,4,11,2.18039,1511970099.97
6126.0,4,11,2.1707,1511970101.68
6130.0,4,11,2.1798,1511970103.47
6135.0,4,11,2.17861,1511970105.25
6138.0,4,11,2.18646,1511970106.98
6142.0,4,11,2.18129,1511970108.62
6146.0,4,11,2.17476,1511970110.38
6150.0,4,11,2.17233,1511970112.17
6155.0,4,11,2.17348,1511970113.89
6158.0,4,11,2.17262,1511970115.61
6162.0,4,11,2.17326,1511970117.3
6166.0,4,11,2.1784,1511970119.08
6170.0,4,11,2.1755,1511970120.81
6174.0,4,11,2.17539,1511970122.55
6178.0,4,11,2.17196,1511970124.26
6182.0,4,11,2.17362,1511970125.99
6186.0,4,11,2.1701,1511970127.75
6190.0,4,11,2.17297,1511970129.41
6194.0,4,11,2.17501,1511970131.11
6198.0,4,11,2.17972,1511970132.67
6202.0,4,11,2.1754,1511970134.37
6206.0,4,11,2.17807,1511970136.07
6210.0,4,11,2.16672,1511970137.75
6214.0,4,11,2.16707,1511970139.37
6218.0,4,11,2.17244,1511970141.12
6222.0,4,11,2.17628,1511970142.91
6226.0,4,11,2.1927,1511970144.63
6230.0,4,11,2.17504,1511970146.45
6234.0,4,11,2.16354,1511970148.19
6238.0,4,11,2.18406,1511970149.81
6242.0,4,11,2.17227,1511970151.55
6246.0,4,11,2.16677,1511970153.14
6250.0,4,11,2.16771,1511970154.87
6254.0,4,11,2.17832,1511970156.64
6258.0,4,11,2.15731,1511970158.2
6262.0,4,11,2.17264,1511970160.01
6266.0,4,11,2.17858,1511970161.59
6270.0,4,11,2.16326,1511970163.21
6273.0,4,11,2.17313,1511970165.04
6278.0,4,11,2.17226,1511970166.68
6282.0,4,11,2.17395,1511970168.39
6286.0,4,11,2.16831,1511970170.11
6290.0,4,11,2.17755,1511970171.88
6294.0,4,11,2.17134,1511970173.61
6298.0,4,11,2.16841,1511970175.31
6302.0,4,11,2.16148,1511970177.11
6306.0,4,11,2.17107,1511970178.74
6310.0,4,11,2.16742,1511970180.32
6312.0,4,11,2.16451,1511970182.05
6316.0,4,11,2.16098,1511970183.84
6321.0,4,11,2.17684,1511970185.51
6325.0,4,11,2.1671,1511970187.14
6329.0,4,11,2.17021,1511970188.79
6332.0,4,11,2.16162,1511970190.35
6336.0,4,11,2.16005,1511970192.08
6340.0,4,11,2.16744,1511970193.81
6344.0,4,11,2.16336,1511970195.54
6348.0,4,11,2.17295,1511970197.34
6352.0,4,11,2.16038,1511970198.97
6356.0,4,11,2.16642,1511970200.65
6360.0,4,11,2.16128,1511970202.35
6364.0,4,11,2.16673,1511970204.12
6368.0,4,11,2.15332,1511970205.94
6372.0,4,11,2.16952,1511970207.7
6376.0,4,11,2.1763,1511970209.5
6380.0,4,11,2.16291,1511970211.18
6384.0,4,11,2.16958,1511970212.9
6388.0,4,11,2.16063,1511970214.54
6392.0,4,11,2.16132,1511970216.32
6396.0,4,11,2.1682,1511970218.16
6400.0,4,11,2.16384,1511970219.79
6404.0,4,11,2.16844,1511970221.48
6408.0,4,11,2.16802,1511970223.2
6412.0,4,11,2.14925,1511970224.93
6416.0,4,11,2.17796,1511970226.64
6420.0,4,11,2.17039,1511970228.36
6424.0,4,11,2.16361,1511970229.98
6428.0,4,11,2.16788,1511970231.72
6432.0,4,11,2.1656,1511970233.47
6436.0,4,11,2.16636,1511970235.2
6440.0,4,11,2.16228,1511970236.81
6444.0,4,11,2.1598,1511970238.52
6448.0,4,11,2.17261,1511970240.28
6452.0,4,11,2.16603,1511970242.02
6457.0,4,11,2.16275,1511970243.59
6460.0,4,11,2.16077,1511970245.4
6464.0,4,11,2.1557,1511970247.13
6468.0,4,11,2.15657,1511970248.93
6472.0,4,11,2.1651,1511970250.71
6476.0,4,11,2.14135,1511970252.26
6480.0,4,11,2.15292,1511970254.0
6484.0,4,11,2.16743,1511970255.64
6488.0,4,11,2.14985,1511970257.36
6492.0,4,11,2.15745,1511970259.13
6497.0,4,11,2.15918,1511970260.89
6501.0,4,11,2.14739,1511970262.58
6505.0,4,11,2.15768,1511970264.21
6508.0,4,11,2.16094,1511970265.85
6512.0,4,11,2.15331,1511970267.58
6516.0,4,11,2.1583,1511970269.34
6520.0,4,11,2.15686,1511970271.02
6524.0,4,11,2.16936,1511970272.65
6528.0,4,11,2.15166,1511970274.31
6532.0,4,11,2.15271,1511970276.04
6536.0,4,11,2.14977,1511970277.78
6540.0,4,11,2.15357,1511970279.64
6544.0,4,11,2.16936,1511970281.5
6549.0,4,11,2.15932,1511970283.06
6552.0,4,11,2.16498,1511970284.8
6556.0,4,11,2.14448,1511970286.53
6561.0,4,11,2.16907,1511970288.3
6565.0,4,11,2.16444,1511970289.99
6568.0,4,11,2.16311,1511970291.81
6572.0,4,11,2.1577,1511970293.74
6578.0,4,11,2.14747,1511970295.55
6582.0,4,11,2.15528,1511970297.27
6586.0,4,11,2.1628,1511970299.09
6590.0,4,11,2.1679,1511970300.77
6594.0,4,11,2.14178,1511970302.54
6598.0,4,11,2.15816,1511970304.11
6602.0,4,11,2.15793,1511970305.83
6606.0,4,11,2.15799,1511970307.56
6610.0,4,11,2.15743,1511970309.29
6614.0,4,11,2.15328,1511970310.86
6617.0,4,11,2.1461,1511970312.62
6621.0,4,11,2.15018,1511970314.41
6626.0,4,11,2.14263,1511970316.03
6629.0,4,11,2.15426,1511970317.83
6633.0,4,11,2.15718,1511970319.63
6638.0,4,11,2.15925,1511970321.37
6642.0,4,11,2.16513,1511970323.11
6646.0,4,11,2.16099,1511970324.78
6650.0,4,11,2.14379,1511970326.42
6654.0,4,11,2.15706,1511970328.23
6658.0,4,11,2.16226,1511970329.98
6662.0,4,11,2.1406,1511970331.7
6666.0,4,11,2.1541,1511970333.53
6670.0,4,11,2.15687,1511970335.2
6674.0,4,11,2.16223,1511970336.92
6678.0,4,11,2.15092,1511970338.73
6682.0,4,11,2.15791,1511970340.49
6686.0,4,11,2.15946,1511970342.14
6690.0,4,11,2.16303,1511970343.8
6694.0,4,11,2.15871,1511970345.4
6698.0,4,11,2.15533,1511970347.09
6702.0,4,11,2.15803,1511970348.84
6706.0,4,11,2.14671,1511970350.46
6710.0,4,11,2.1468,1511970352.26
6714.0,4,11,2.1588,1511970353.9
6718.0,4,11,2.14852,1511970355.67
6722.0,4,11,2.14077,1511970357.28
6726.0,4,11,2.14817,1511970358.89
6730.0,4,11,2.14635,1511970360.64
6734.0,4,11,2.14646,1511970362.25
6738.0,4,11,2.15306,1511970363.99
6742.0,4,11,2.14877,1511970365.71
6746.0,4,11,2.14562,1511970367.44
6750.0,4,11,2.14923,1511970369.1
6754.0,4,11,2.16235,1511970370.89
6758.0,4,11,2.13608,1511970372.44
6761.0,4,11,2.14359,1511970374.16
6766.0,4,11,2.14778,1511970375.72
6769.0,4,11,2.15128,1511970377.5
6773.0,4,11,2.15028,1511970379.17
6777.0,4,11,2.15975,1511970380.9
6781.0,4,11,2.14427,1511970382.48
6785.0,4,11,2.13826,1511970384.31
6789.0,4,11,2.15729,1511970386.03
6793.0,4,11,2.15417,1511970387.67
6797.0,4,11,2.13898,1511970389.31
6801.0,4,11,2.14619,1511970390.91
6804.0,4,11,2.14366,1511970392.69
6808.0,4,11,2.15335,1511970394.42
6813.0,4,11,2.15553,1511970396.19
6818.0,4,11,2.14757,1511970397.82
6821.0,4,11,2.14149,1511970399.51
6825.0,4,11,2.13984,1511970401.27
6829.0,4,11,2.13723,1511970403.05
6833.0,4,11,2.13608,1511970404.78
6837.0,4,11,2.12588,1511970406.41
6841.0,4,11,2.15152,1511970408.23
6845.0,4,11,2.14997,1511970409.91
6849.0,4,11,2.13703,1511970411.73
6853.0,4,11,2.147,1511970413.59
6857.0,4,11,2.14275,1511970415.36
6861.0,4,11,2.15036,1511970416.99
6865.0,4,11,2.15041,1511970418.69
6869.0,4,11,2.14805,1511970420.42
6873.0,4,11,2.12876,1511970422.27
6877.0,4,11,2.15912,1511970423.99
6881.0,4,11,2.14748,1511970425.76
6885.0,4,11,2.13971,1511970427.55
6890.0,4,11,2.14705,1511970429.19
6893.0,4,11,2.14548,1511970430.95
6897.0,4,11,2.14038,1511970432.59
6901.0,4,11,2.13374,1511970434.31
6905.0,4,11,2.13709,1511970436.08
6909.0,4,11,2.14147,1511970437.67
6913.0,4,11,2.1453,1511970439.24
6917.0,4,11,2.12796,1511970440.79
6921.0,4,11,2.12579,1511970442.37
6925.0,4,11,2.14172,1511970443.99
6929.0,4,11,2.14881,1511970445.66
6933.0,4,11,2.13742,1511970447.43
6937.0,4,11,2.14957,1511970449.16
6941.0,4,11,2.13959,1511970450.88
6945.0,4,11,2.13627,1511970452.7
6949.0,4,11,2.14118,1511970454.51
6953.0,4,11,2.14001,1511970456.28
6957.0,4,11,2.15568,1511970457.94
6961.0,4,11,2.13923,1511970459.6
6965.0,4,11,2.14649,1511970461.39
6969.0,4,11,2.12746,1511970463.12
6973.0,4,11,2.13664,1511970464.72
6977.0,4,11,2.12167,1511970466.36
6981.0,4,11,2.12663,1511970468.0
6985.0,4,11,2.15403,1511970469.62
6989.0,4,11,2.13199,1511970471.4
6993.0,4,11,2.15159,1511970473.08
6997.0,4,11,2.1356,1511970474.85
7001.0,4,11,2.13995,1511970476.61
7005.0,4,11,2.14703,1511970478.38
7009.0,4,11,2.12749,1511970480.09
7013.0,4,11,2.13176,1511970481.89
7017.0,4,11,2.1422,1511970483.45
7021.0,4,11,2.14845,1511970485.08
7025.0,4,11,2.12766,1511970486.79
7029.0,4,11,2.12493,1511970488.61
7033.0,4,11,2.14276,1511970490.37
7037.0,4,11,2.12871,1511970492.22
7041.0,4,11,2.12401,1511970493.87
7045.0,4,11,2.13179,1511970495.5
7049.0,4,11,2.12922,1511970497.25
7053.0,4,11,2.13912,1511970499.02
7057.0,4,11,2.14405,1511970500.73
7061.0,4,11,2.13177,1511970502.37
7065.0,4,11,2.14727,1511970504.2
7069.0,4,11,2.14806,1511970505.98
7073.0,4,11,2.13037,1511970507.84
7077.0,4,11,2.13761,1511970509.55
7081.0,4,11,2.14709,1511970511.31
7085.0,4,11,2.10939,1511970512.96
7089.0,4,11,2.12062,1511970514.62
7093.0,4,11,2.11578,1511970516.33
7097.0,4,11,2.13478,1511970518.07
7101.0,4,11,2.12626,1511970519.75
7105.0,4,11,2.1366,1511970521.48
7109.0,4,11,2.12931,1511970523.14
7113.0,4,11,2.14472,1511970524.85
7117.0,4,11,2.14746,1511970526.51
7121.0,4,11,2.1218,1511970528.22
7125.0,4,11,2.11733,1511970529.87
7129.0,4,11,2.14467,1511970531.63
7133.0,4,11,2.12545,1511970533.41
7137.0,4,11,2.12965,1511970535.1
7141.0,4,11,2.12561,1511970536.87
7145.0,4,11,2.14085,1511970538.63
7149.0,4,11,2.15211,1511970540.32
7153.0,4,11,2.13108,1511970542.06
7157.0,4,11,2.11498,1511970543.87
7161.0,4,11,2.12274,1511970545.47
7165.0,4,11,2.1212,1511970547.13
7169.0,4,11,2.12009,1511970548.89
7173.0,4,11,2.12371,1511970550.55
7177.0,4,11,2.13961,1511970552.28
7181.0,4,11,2.1247,1511970554.05
7185.0,4,11,2.12687,1511970555.86
7189.0,4,11,2.11892,1511970557.55
7193.0,4,11,2.10696,1511970559.36
7197.0,4,11,2.1273,1511970560.98
7201.0,4,11,2.12459,1511970562.66
7205.0,4,11,2.1243,1511970564.34
7209.0,4,11,2.14412,1511970566.06
7213.0,4,11,2.12401,1511970567.75
7217.0,4,11,2.1263,1511970569.41
7221.0,4,11,2.14334,1511970571.17
7225.0,4,11,2.13725,1511970572.91
7229.0,4,11,2.13053,1511970574.68
7233.0,4,11,2.13043,1511970576.41
7237.0,4,11,2.12126,1511970578.18
7241.0,4,11,2.12824,1511970579.83
7245.0,4,11,2.12994,1511970581.4
7248.0,4,11,2.11976,1511970583.18
7252.0,4,11,2.11229,1511970584.8
7256.0,4,11,2.13005,1511970586.55
7260.0,4,11,2.13332,1511970588.2
7264.0,4,11,2.13163,1511970589.92
7268.0,4,11,2.12877,1511970591.64
7272.0,4,11,2.11257,1511970593.26
7276.0,4,11,2.13343,1511970595.08
7280.0,4,11,2.12338,1511970596.94
7285.0,4,11,2.14088,1511970598.67
7289.0,4,11,2.12888,1511970600.28
7292.0,4,11,2.13165,1511970602.0
7296.0,4,11,2.13475,1511970603.75
7301.0,4,11,2.13204,1511970605.37
7304.0,4,11,2.12835,1511970607.09
7308.0,4,11,2.10094,1511970608.79
7312.0,4,11,2.13744,1511970610.57
7316.0,4,11,2.11878,1511970612.29
7320.0,4,11,2.12879,1511970614.08
7324.0,4,11,2.12535,1511970615.72
7328.0,4,11,2.12605,1511970617.39
7332.0,4,11,2.11528,1511970619.14
7336.0,4,11,2.11847,1511970620.79
7340.0,4,11,2.1359,1511970622.51
7344.0,4,11,2.13355,1511970624.28
7348.0,4,11,2.1154,1511970625.94
7352.0,4,11,2.10188,1511970627.69
7356.0,4,11,2.11414,1511970629.41
7360.0,4,11,2.12331,1511970631.04
7364.0,4,11,2.1073,1511970632.69
7368.0,4,11,2.11254,1511970634.48
7372.0,4,11,2.11375,1511970636.26
7376.0,4,11,2.12331,1511970637.92
7380.0,4,11,2.12033,1511970639.69
7384.0,4,11,2.11234,1511970641.55
7389.0,4,11,2.12699,1511970643.34
7393.0,4,11,2.11523,1511970645.07
7397.0,4,11,2.11928,1511970646.88
7401.0,4,11,2.11282,1511970648.65
7405.0,4,11,2.12121,1511970650.3
7409.0,4,11,2.11888,1511970652.06
7413.0,4,11,2.12887,1511970653.68
7417.0,4,11,2.11093,1511970655.42
7421.0,4,11,2.13372,1511970657.18
7425.0,4,11,2.10817,1511970658.9
7429.0,4,11,2.12599,1511970660.59
7433.0,4,11,2.13323,1511970662.2
7437.0,4,11,2.11986,1511970663.89
7441.0,4,11,2.12729,1511970665.53
7444.0,4,11,2.11625,1511970667.1
7447.0,4,11,2.11773,1511970668.83
7451.0,4,11,2.11095,1511970670.56
7455.0,4,11,2.11817,1511970672.18
7459.0,4,11,2.11828,1511970673.93
7463.0,4,11,2.13227,1511970675.7
7468.0,4,11,2.12721,1511970677.33
7472.0,4,11,2.13395,1511970679.13
7476.0,4,11,2.11539,1511970680.76
7479.0,4,11,2.10925,1511970682.4
7482.0,4,11,2.12473,1511970684.03
7486.0,4,11,2.1065,1511970685.79
7490.0,4,11,2.12507,1511970687.55
7494.0,4,11,2.11,1511970689.11
7498.0,4,11,2.12302,1511970690.94
7503.0,4,11,2.11509,1511970692.64
7507.0,4,11,2.11545,1511970694.29
7511.0,4,11,2.11921,1511970696.0
7514.0,4,11,2.11087,1511970697.81
7519.0,4,11,2.1136,1511970699.55
7523.0,4,11,2.11241,1511970701.32
7527.0,4,11,2.1163,1511970703.04
7531.0,4,11,2.12442,1511970704.8
7535.0,4,11,2.1191,1511970706.41
7539.0,4,11,2.11077,1511970708.15
7543.0,4,11,2.11948,1511970709.86
7547.0,4,11,2.11562,1511970711.58
7551.0,4,11,2.09395,1511970713.33
7555.0,4,11,2.12319,1511970714.98
7559.0,4,11,2.09798,1511970716.61
7563.0,4,11,2.12508,1511970718.4
7567.0,4,11,2.10162,1511970720.17
7571.0,4,11,2.0934,1511970721.9
7575.0,4,11,2.12169,1511970723.71
7579.0,4,11,2.1258,1511970725.57
7584.0,4,11,2.1111,1511970727.36
7588.0,4,11,2.11985,1511970728.99
7591.0,4,11,2.10772,1511970730.68
7595.0,4,11,2.11203,1511970732.44
7599.0,4,11,2.11373,1511970734.15
7603.0,4,11,2.12676,1511970735.78
7607.0,4,11,2.10087,1511970737.51
7611.0,4,11,2.10746,1511970739.31
7615.0,4,11,2.10555,1511970740.99
7619.0,4,11,2.11863,1511970742.7
7624.0,4,11,2.10371,1511970744.36
7627.0,4,11,2.12049,1511970746.09
7631.0,4,11,2.1053,1511970747.72
7635.0,4,11,2.09736,1511970749.37
7639.0,4,11,2.10995,1511970751.17
7643.0,4,11,2.1027,1511970752.84
7647.0,4,11,2.12088,1511970754.63
7651.0,4,11,2.1023,1511970756.44
7655.0,4,11,2.08924,1511970758.13
7659.0,4,11,2.08644,1511970759.79
7663.0,4,11,2.11768,1511970761.58
7667.0,4,11,2.12691,1511970763.19
7671.0,4,11,2.11928,1511970764.96
7675.0,4,11,2.12083,1511970766.6
7679.0,4,11,2.12244,1511970768.33
7683.0,4,11,2.11196,1511970770.01
7687.0,4,11,2.11334,1511970771.73
7691.0,4,11,2.11884,1511970773.36
7695.0,4,11,2.09338,1511970775.09
7699.0,4,11,2.11992,1511970776.77
7703.0,4,11,2.10912,1511970778.42
7707.0,4,11,2.11628,1511970780.08
7711.0,4,11,2.08766,1511970781.85
7715.0,4,11,2.09892,1511970783.6
7719.0,4,11,2.12059,1511970785.36
7723.0,4,11,2.0717,1511970787.16
7727.0,4,11,2.12388,1511970788.89
7731.0,4,11,2.09878,1511970790.55
7735.0,4,11,2.10463,1511970792.32
7739.0,4,11,2.10477,1511970794.09
7743.0,4,11,2.10207,1511970795.83
7747.0,4,11,2.10889,1511970797.55
7751.0,4,11,2.11207,1511970799.2
7755.0,4,11,2.12072,1511970800.96
7759.0,4,11,2.10127,1511970802.54
7763.0,4,11,2.10148,1511970804.21
7767.0,4,11,2.11272,1511970805.99
7771.0,4,11,2.11432,1511970807.73
7775.0,4,11,2.09473,1511970809.52
7779.0,4,11,2.10996,1511970811.18
7783.0,4,11,2.11971,1511970812.9
7787.0,4,11,2.11204,1511970814.46
