1.0,21,3,2.30296,1511956638.55
19.0,21,3,2.30258,1511956640.4
43.0,21,3,2.30258,1511956641.93
59.0,21,3,2.30259,1511956643.49
80.0,21,3,2.30259,1511956645.23
102.0,21,3,2.30259,1511956646.8
122.0,21,3,2.30259,1511956648.52
142.0,21,3,2.30259,1511956650.0
162.0,21,3,2.30259,1511956651.53
181.0,21,3,2.30258,1511956653.14
200.0,21,3,2.30258,1511956654.67
219.0,21,3,2.30258,1511956656.3
241.0,21,3,2.30259,1511956657.92
262.0,21,3,2.30258,1511956659.54
284.0,21,3,2.30258,1511956661.09
306.0,21,3,2.30258,1511956662.72
328.0,21,3,2.30258,1511956664.3
348.0,21,3,2.30258,1511956665.87
371.0,21,3,2.30258,1511956667.47
392.0,21,3,2.30258,1511956669.18
412.0,21,3,2.30258,1511956670.65
430.0,21,3,2.30259,1511956672.25
452.0,21,3,2.30258,1511956673.8
472.0,21,3,2.30258,1511956675.38
493.0,21,3,2.30258,1511956677.22
518.0,21,3,2.30259,1511956678.82
539.0,21,3,2.30258,1511956680.42
560.0,21,3,2.30258,1511956682.04
581.0,21,3,2.30258,1511956683.62
602.0,21,3,2.30258,1511956685.17
623.0,21,3,2.30259,1511956686.67
642.0,21,3,2.30259,1511956688.36
663.0,21,3,2.30258,1511956689.95
685.0,21,3,2.30259,1511956691.4
703.0,21,3,2.30258,1511956693.07
724.0,21,3,2.30259,1511956694.68
745.0,21,3,2.30259,1511956696.45
768.0,21,3,2.30259,1511956698.24
791.0,21,3,2.30258,1511956699.78
812.0,21,3,2.30258,1511956701.3
832.0,21,3,2.30258,1511956702.85
852.0,21,3,2.30259,1511956704.3
871.0,21,3,2.30258,1511956705.83
890.0,21,3,2.30259,1511956707.38
910.0,21,3,2.30259,1511956708.92
931.0,21,3,2.30258,1511956710.48
953.0,21,3,2.30258,1511956712.18
974.0,21,3,2.30258,1511956713.79
995.0,21,3,2.30259,1511956715.44
1018.0,21,3,2.30259,1511956717.08
1041.0,21,3,2.30259,1511956718.76
1061.0,21,3,2.30259,1511956720.39
1083.0,21,3,2.30259,1511956721.9
1101.0,21,3,2.30258,1511956723.47
1123.0,21,3,2.30258,1511956725.05
1142.0,21,3,2.30259,1511956726.72
1164.0,21,3,2.30259,1511956728.42
1187.0,21,3,2.30259,1511956730.08
1210.0,21,3,2.30258,1511956731.68
1231.0,21,3,2.30259,1511956733.21
1251.0,21,3,2.30259,1511956734.84
1273.0,21,3,2.30258,1511956736.38
1290.0,21,3,2.30259,1511956737.94
1310.0,21,3,2.30259,1511956739.44
1332.0,21,3,2.30258,1511956741.02
1352.0,21,3,2.30258,1511956742.64
1373.0,21,3,2.30259,1511956744.18
1394.0,21,3,2.30258,1511956745.75
1415.0,21,3,2.30259,1511956747.37
1435.0,21,3,2.30259,1511956748.94
1456.0,21,3,2.30259,1511956750.44
1476.0,21,3,2.30259,1511956752.0
1498.0,21,3,2.30259,1511956753.62
1516.0,21,3,2.30259,1511956755.14
1536.0,21,3,2.30259,1511956756.72
1557.0,21,3,2.30257,1511956758.57
1583.0,21,3,2.30259,1511956760.17
1603.0,21,3,2.30258,1511956761.74
1622.0,21,3,2.30258,1511956763.24
1642.0,21,3,2.30258,1511956764.78
1662.0,21,3,2.30259,1511956766.29
1682.0,21,3,2.30258,1511956767.93
1703.0,21,3,2.30259,1511956769.43
1722.0,21,3,2.30259,1511956771.01
1743.0,21,3,2.30259,1511956772.75
1766.0,21,3,2.30258,1511956774.31
1787.0,21,3,2.30259,1511956775.97
1809.0,21,3,2.30258,1511956777.52
1830.0,21,3,2.30258,1511956779.06
1851.0,21,3,2.30259,1511956780.87
1874.0,21,3,2.30258,1511956782.44
1895.0,21,3,2.30259,1511956784.18
1916.0,21,3,2.30258,1511956785.74
1936.0,21,3,2.30258,1511956787.34
1957.0,21,3,2.30259,1511956788.86
1977.0,21,3,2.30258,1511956790.55
2001.0,21,3,2.30259,1511956792.28
2021.0,21,3,2.30259,1511956793.88
2043.0,21,3,2.30259,1511956795.43
2064.0,21,3,2.30259,1511956796.97
2083.0,21,3,2.30259,1511956798.42
2102.0,21,3,2.30259,1511956800.03
2122.0,21,3,2.30258,1511956801.74
2146.0,21,3,2.30258,1511956803.26
2166.0,21,3,2.30258,1511956804.81
2185.0,21,3,2.30258,1511956806.36
2206.0,21,3,2.30259,1511956808.07
2227.0,21,3,2.30258,1511956809.72
2250.0,21,3,2.30258,1511956811.46
2272.0,21,3,2.30259,1511956813.02
2293.0,21,3,2.30258,1511956814.79
2315.0,21,3,2.30258,1511956816.28
2335.0,21,3,2.30258,1511956817.8
2355.0,21,3,2.30259,1511956819.36
2375.0,21,3,2.30259,1511956821.01
2397.0,21,3,2.30259,1511956822.76
2419.0,21,3,2.30259,1511956824.35
2440.0,21,3,2.30259,1511956826.02
2460.0,21,3,2.30259,1511956827.63
2482.0,21,3,2.30258,1511956829.17
2502.0,21,3,2.30259,1511956830.84
2524.0,21,3,2.30258,1511956832.37
2545.0,21,3,2.30259,1511956833.93
2565.0,21,3,2.30259,1511956835.4
2585.0,21,3,2.30258,1511956836.92
2604.0,21,3,2.30258,1511956838.73
2628.0,21,3,2.30258,1511956840.33
2649.0,21,3,2.30259,1511956841.92
2669.0,21,3,2.30259,1511956843.45
2690.0,21,3,2.30259,1511956845.15
2711.0,21,3,2.30259,1511956846.74
2732.0,21,3,2.30259,1511956848.56
2756.0,21,3,2.30259,1511956850.07
2774.0,21,3,2.30258,1511956851.67
2797.0,21,3,2.30259,1511956853.21
2818.0,21,3,2.30258,1511956854.72
2837.0,21,3,2.30258,1511956856.25
2859.0,21,3,2.30258,1511956857.76
2878.0,21,3,2.30259,1511956859.46
2900.0,21,3,2.30259,1511956861.06
2922.0,21,3,2.30258,1511956862.62
2943.0,21,3,2.30259,1511956864.21
2964.0,21,3,2.30259,1511956866.06
2988.0,21,3,2.30259,1511956867.74
3009.0,21,3,2.30259,1511956869.25
3028.0,21,3,2.30259,1511956870.86
3049.0,21,3,2.30259,1511956872.39
3071.0,21,3,2.30258,1511956873.87
3089.0,21,3,2.30259,1511956875.38
3109.0,21,3,2.30259,1511956877.09
3132.0,21,3,2.30259,1511956878.7
3152.0,21,3,2.30259,1511956880.43
3175.0,21,3,2.30259,1511956882.0
3195.0,21,3,2.30259,1511956883.58
3217.0,21,3,2.30258,1511956885.13
3237.0,21,3,2.30259,1511956886.67
3258.0,21,3,2.30259,1511956888.37
3278.0,21,3,2.30259,1511956889.9
3301.0,21,3,2.30259,1511956891.51
3321.0,21,3,2.30259,1511956893.11
3341.0,21,3,2.30259,1511956894.7
3362.0,21,3,2.30258,1511956896.24
3383.0,21,3,2.30258,1511956897.94
3403.0,21,3,2.30258,1511956899.54
3424.0,21,3,2.30259,1511956901.13
3444.0,21,3,2.30258,1511956902.79
3468.0,21,3,2.30259,1511956904.32
3489.0,21,3,2.30258,1511956905.86
3507.0,21,3,2.30259,1511956907.51
3531.0,21,3,2.30259,1511956909.04
3550.0,21,3,2.30258,1511956910.55
3567.0,21,3,2.30259,1511956912.08
3586.0,21,3,2.30258,1511956913.62
3606.0,21,3,2.30258,1511956915.28
3630.0,21,3,2.30259,1511956916.9
3652.0,21,3,2.30258,1511956918.63
3675.0,21,3,2.30259,1511956920.24
3697.0,21,3,2.30259,1511956921.77
3718.0,21,3,2.30259,1511956923.55
3740.0,21,3,2.30258,1511956925.09
3760.0,21,3,2.30259,1511956926.66
3781.0,21,3,2.30259,1511956928.33
3803.0,21,3,2.30258,1511956929.9
3823.0,21,3,2.30258,1511956931.42
3842.0,21,3,2.30258,1511956933.0
3864.0,21,3,2.30259,1511956934.49
3884.0,21,3,2.30258,1511956936.08
3904.0,21,3,2.30258,1511956937.61
3925.0,21,3,2.30259,1511956939.2
3946.0,21,3,2.30258,1511956940.74
3967.0,21,3,2.30259,1511956942.41
3989.0,21,3,2.30259,1511956943.97
4010.0,21,3,2.30259,1511956945.6
4031.0,21,3,2.30259,1511956947.27
4052.0,21,3,2.30259,1511956948.75
4072.0,21,3,2.30259,1511956950.39
4094.0,21,3,2.30259,1511956951.94
4114.0,21,3,2.30258,1511956953.71
4137.0,21,3,2.30259,1511956955.34
4158.0,21,3,2.30258,1511956957.06
4181.0,21,3,2.30258,1511956958.59
4201.0,21,3,2.30259,1511956960.18
4222.0,21,3,2.30258,1511956961.73
4244.0,21,3,2.30258,1511956963.51
4266.0,21,3,2.30259,1511956965.14
4287.0,21,3,2.30258,1511956966.67
4306.0,21,3,2.30258,1511956968.33
4327.0,21,3,2.30259,1511956969.86
4348.0,21,3,2.30259,1511956971.46
4368.0,21,3,2.30258,1511956973.15
4390.0,21,3,2.30259,1511956974.71
4410.0,21,3,2.30258,1511956976.24
4431.0,21,3,2.30258,1511956977.81
4452.0,21,3,2.30259,1511956979.31
4471.0,21,3,2.30259,1511956980.91
4492.0,21,3,2.30258,1511956982.66
4514.0,21,3,2.30258,1511956984.3
4534.0,21,3,2.30259,1511956985.87
4555.0,21,3,2.30259,1511956987.45
4575.0,21,3,2.30259,1511956988.93
4596.0,21,3,2.30259,1511956990.58
4618.0,21,3,2.30259,1511956992.07
4639.0,21,3,2.30258,1511956993.73
4660.0,21,3,2.30258,1511956995.34
4681.0,21,3,2.30258,1511956996.99
4703.0,21,3,2.30259,1511956998.64
4724.0,21,3,2.30258,1511957000.21
4745.0,21,3,2.30258,1511957001.75
4765.0,21,3,2.30258,1511957003.42
4787.0,21,3,2.30258,1511957004.99
4809.0,21,3,2.30259,1511957006.56
4829.0,21,3,2.30259,1511957008.19
4851.0,21,3,2.30258,1511957009.78
4872.0,21,3,2.30258,1511957011.42
4894.0,21,3,2.30259,1511957013.0
4916.0,21,3,2.30259,1511957014.59
4935.0,21,3,2.30259,1511957016.09
4954.0,21,3,2.30259,1511957018.1
4979.0,21,3,2.30259,1511957019.63
4998.0,21,3,2.30259,1511957021.26
5020.0,21,3,2.30258,1511957022.97
5042.0,21,3,2.30258,1511957024.55
5061.0,21,3,2.30258,1511957026.11
5082.0,21,3,2.30259,1511957027.92
5108.0,21,3,2.30258,1511957029.45
5127.0,21,3,2.30259,1511957030.96
5146.0,21,3,2.30259,1511957032.55
5167.0,21,3,2.30258,1511957034.12
5188.0,21,3,2.30258,1511957035.77
5211.0,21,3,2.30258,1511957037.31
5231.0,21,3,2.30259,1511957038.83
5253.0,21,3,2.30259,1511957040.49
5273.0,21,3,2.30258,1511957042.03
5293.0,21,3,2.30258,1511957043.56
5313.0,21,3,2.30258,1511957045.23
5337.0,21,3,2.30259,1511957046.81
5357.0,21,3,2.30258,1511957048.35
5378.0,21,3,2.30259,1511957050.23
5404.0,21,3,2.30259,1511957051.8
5424.0,21,3,2.30259,1511957053.3
5445.0,21,3,2.30259,1511957054.95
5466.0,21,3,2.30259,1511957056.85
5491.0,21,3,2.30259,1511957058.5
5510.0,21,3,2.30258,1511957060.09
5532.0,21,3,2.30259,1511957061.66
5554.0,21,3,2.30259,1511957063.39
5575.0,21,3,2.30259,1511957065.24
5598.0,21,3,2.30259,1511957066.92
5619.0,21,3,2.30258,1511957068.53
5640.0,21,3,2.30259,1511957070.11
5661.0,21,3,2.30258,1511957071.71
5682.0,21,3,2.30259,1511957073.47
5707.0,21,3,2.30259,1511957075.04
5726.0,21,3,2.30258,1511957076.69
5747.0,21,3,2.30259,1511957078.22
5768.0,21,3,2.30259,1511957079.79
5788.0,21,3,2.30258,1511957081.42
5809.0,21,3,2.30259,1511957082.98
5830.0,21,3,2.30259,1511957084.62
5852.0,21,3,2.30259,1511957086.3
5874.0,21,3,2.30258,1511957087.82
5893.0,21,3,2.30258,1511957089.43
5914.0,21,3,2.30258,1511957090.91
5934.0,21,3,2.30259,1511957092.81
5961.0,21,3,2.30259,1511957094.38
5982.0,21,3,2.30258,1511957096.17
6004.0,21,3,2.30259,1511957097.79
6026.0,21,3,2.30259,1511957099.38
6045.0,21,3,2.30259,1511957101.31
6072.0,21,3,2.30258,1511957102.85
6093.0,21,3,2.30258,1511957104.36
6113.0,21,3,2.30259,1511957105.94
6134.0,21,3,2.30259,1511957107.62
6154.0,21,3,2.30258,1511957109.15
6174.0,21,3,2.30259,1511957110.7
6195.0,21,3,2.30259,1511957112.25
6216.0,21,3,2.30258,1511957113.81
6237.0,21,3,2.30258,1511957115.6
6259.0,21,3,2.30259,1511957117.16
6279.0,21,3,2.30259,1511957118.77
6299.0,21,3,2.30259,1511957120.41
6322.0,21,3,2.30259,1511957121.95
6343.0,21,3,2.30258,1511957123.44
6363.0,21,3,2.30258,1511957125.17
6384.0,21,3,2.30259,1511957126.75
6406.0,21,3,2.30258,1511957128.28
6426.0,21,3,2.30258,1511957129.92
6447.0,21,3,2.30258,1511957131.48
6466.0,21,3,2.30258,1511957133.04
6486.0,21,3,2.30258,1511957134.66
6508.0,21,3,2.30258,1511957136.19
6528.0,21,3,2.30258,1511957137.73
6548.0,21,3,2.30258,1511957139.36
6569.0,21,3,2.30258,1511957140.86
6588.0,21,3,2.30258,1511957142.46
6608.0,21,3,2.30259,1511957144.35
6633.0,21,3,2.30259,1511957145.86
6652.0,21,3,2.30259,1511957147.4
6672.0,21,3,2.30259,1511957148.97
6692.0,21,3,2.30258,1511957150.52
6712.0,21,3,2.30259,1511957152.06
6734.0,21,3,2.30259,1511957153.67
6755.0,21,3,2.30259,1511957155.18
6773.0,21,3,2.30259,1511957156.7
6793.0,21,3,2.30258,1511957158.33
6815.0,21,3,2.30259,1511957159.9
6835.0,21,3,2.30259,1511957161.41
6855.0,21,3,2.30259,1511957162.95
6876.0,21,3,2.30259,1511957164.4
6896.0,21,3,2.30258,1511957165.96
6916.0,21,3,2.30259,1511957167.47
6937.0,21,3,2.30258,1511957168.95
6956.0,21,3,2.30259,1511957170.5
6976.0,21,3,2.30259,1511957172.05
6996.0,21,3,2.30259,1511957173.74
7019.0,21,3,2.30258,1511957175.33
7038.0,21,3,2.30259,1511957176.91
7060.0,21,3,2.30258,1511957178.49
7081.0,21,3,2.30259,1511957180.29
7105.0,21,3,2.30258,1511957181.81
7123.0,21,3,2.30259,1511957183.47
7144.0,21,3,2.30258,1511957185.0
7164.0,21,3,2.30258,1511957186.91
7190.0,21,3,2.30258,1511957188.53
7212.0,21,3,2.30258,1511957190.12
7231.0,21,3,2.30259,1511957191.65
7252.0,21,3,2.30259,1511957193.15
7273.0,21,3,2.30258,1511957194.71
7293.0,21,3,2.30259,1511957196.27
7311.0,21,3,2.30258,1511957197.83
7332.0,21,3,2.30259,1511957199.38
7353.0,21,3,2.30259,1511957200.89
7372.0,21,3,2.30258,1511957202.37
7390.0,21,3,2.30259,1511957204.03
7410.0,21,3,2.30258,1511957205.54
7431.0,21,3,2.30258,1511957207.35
7456.0,21,3,2.30259,1511957208.89
7474.0,21,3,2.30258,1511957210.57
7498.0,21,3,2.30259,1511957212.18
7518.0,21,3,2.30259,1511957213.83
7540.0,21,3,2.30258,1511957215.57
7563.0,21,3,2.30259,1511957217.09
7582.0,21,3,2.30259,1511957218.7
7604.0,21,3,2.30258,1511957220.42
7627.0,21,3,2.30259,1511957221.97
7649.0,21,3,2.30258,1511957223.58
7669.0,21,3,2.30259,1511957225.11
7689.0,21,3,2.30259,1511957226.59
7709.0,21,3,2.30258,1511957228.19
7730.0,21,3,2.30258,1511957229.91
7754.0,21,3,2.30258,1511957231.47
7772.0,21,3,2.30258,1511957233.4
7799.0,21,3,2.30259,1511957234.92
7819.0,21,3,2.30258,1511957236.47
7839.0,21,3,2.30259,1511957238.04
7860.0,21,3,2.30259,1511957239.64
7882.0,21,3,2.30258,1511957241.21
7903.0,21,3,2.30259,1511957242.74
7923.0,21,3,2.30259,1511957244.48
7945.0,21,3,2.30258,1511957246.04
7966.0,21,3,2.30258,1511957247.85
7988.0,21,3,2.30259,1511957249.42
8009.0,21,3,2.30259,1511957251.02
8029.0,21,3,2.30259,1511957252.58
8049.0,21,3,2.30259,1511957254.14
8070.0,21,3,2.30258,1511957255.7
8090.0,21,3,2.30258,1511957257.3
8112.0,21,3,2.30259,1511957258.9
8132.0,21,3,2.30258,1511957260.59
8155.0,21,3,2.30259,1511957262.09
8175.0,21,3,2.30259,1511957263.63
8193.0,21,3,2.30258,1511957265.22
8214.0,21,3,2.30258,1511957266.74
8232.0,21,3,2.30259,1511957268.39
8258.0,21,3,2.30258,1511957269.95
8277.0,21,3,2.30259,1511957271.5
8298.0,21,3,2.30259,1511957273.1
8318.0,21,3,2.30258,1511957274.68
8341.0,21,3,2.30259,1511957276.17
8358.0,21,3,2.30259,1511957277.85
8380.0,21,3,2.30259,1511957279.44
8404.0,21,3,2.30259,1511957281.0
8425.0,21,3,2.30259,1511957282.57
8443.0,21,3,2.30259,1511957284.11
8463.0,21,3,2.30259,1511957285.68
8483.0,21,3,2.30259,1511957287.22
8503.0,21,3,2.30258,1511957288.86
8524.0,21,3,2.30258,1511957290.37
8546.0,21,3,2.30259,1511957291.98
8566.0,21,3,2.30258,1511957293.58
8588.0,21,3,2.30258,1511957295.17
8608.0,21,3,2.30259,1511957296.71
8628.0,21,3,2.30259,1511957298.35
8650.0,21,3,2.30259,1511957300.11
8672.0,21,3,2.30259,1511957301.67
8693.0,21,3,2.30258,1511957303.26
8714.0,21,3,2.30259,1511957304.87
8735.0,21,3,2.30258,1511957306.4
8755.0,21,3,2.30259,1511957307.94
8775.0,21,3,2.30259,1511957309.6
8796.0,21,3,2.30258,1511957311.06
8814.0,21,3,2.30258,1511957312.64
8835.0,21,3,2.30258,1511957314.26
8854.0,21,3,2.30259,1511957316.11
8880.0,21,3,2.30259,1511957317.68
8901.0,21,3,2.30258,1511957319.26
8921.0,21,3,2.30258,1511957320.86
8942.0,21,3,2.30258,1511957322.48
8964.0,21,3,2.30259,1511957323.94
8982.0,21,3,2.30258,1511957325.8
9008.0,21,3,2.30259,1511957327.35
9028.0,21,3,2.30259,1511957329.09
9051.0,21,3,2.30258,1511957330.65
9072.0,21,3,2.30259,1511957332.24
9091.0,21,3,2.30258,1511957333.72
9109.0,21,3,2.30258,1511957335.25
9129.0,21,3,2.30259,1511957336.82
9148.0,21,3,2.30258,1511957338.4
9170.0,21,3,2.30258,1511957340.01
9193.0,21,3,2.30259,1511957341.56
9211.0,21,3,2.30259,1511957343.38
9235.0,21,3,2.30258,1511957344.98
9257.0,21,3,2.30259,1511957346.58
9276.0,21,3,2.30259,1511957348.54
9301.0,21,3,2.30259,1511957350.34
9323.0,21,3,2.30258,1511957351.87
9344.0,21,3,2.30258,1511957353.53
9367.0,21,3,2.30258,1511957355.21
9388.0,21,3,2.30259,1511957356.82
9411.0,21,3,2.30259,1511957358.4
9431.0,21,3,2.30258,1511957359.93
9452.0,21,3,2.30259,1511957361.47
9472.0,21,3,2.30258,1511957363.03
9492.0,21,3,2.30258,1511957364.86
9516.0,21,3,2.30259,1511957366.44
9535.0,21,3,2.30259,1511957368.16
9559.0,21,3,2.30259,1511957369.88
9579.0,21,3,2.30258,1511957371.42
9601.0,21,3,2.30259,1511957373.02
9621.0,21,3,2.30259,1511957374.57
9642.0,21,3,2.30258,1511957376.32
9664.0,21,3,2.30258,1511957377.83
9686.0,21,3,2.30259,1511957379.46
9706.0,21,3,2.30258,1511957381.01
9726.0,21,3,2.30259,1511957382.53
9746.0,21,3,2.30258,1511957384.15
9767.0,21,3,2.30259,1511957385.94
9789.0,21,3,2.30258,1511957387.71
9812.0,21,3,2.30259,1511957389.2
9830.0,21,3,2.30259,1511957390.83
9853.0,21,3,2.30259,1511957392.44
9872.0,21,3,2.30259,1511957393.89
9893.0,21,3,2.30259,1511957395.75
9920.0,21,3,2.30258,1511957397.3
9938.0,21,3,2.30258,1511957398.9
9959.0,21,3,2.30259,1511957400.46
9980.0,21,3,2.30259,1511957402.0
10000.0,21,3,2.30258,1511957403.63
10021.0,21,3,2.30258,1511957405.14
10040.0,21,3,2.30258,1511957406.77
10064.0,21,3,2.30259,1511957408.43
10084.0,21,3,2.30259,1511957409.97
10105.0,21,3,2.30259,1511957411.53
10126.0,21,3,2.30259,1511957413.19
10148.0,21,3,2.30259,1511957414.77
10169.0,21,3,2.30258,1511957416.36
10187.0,21,3,2.30259,1511957417.98
10209.0,21,3,2.30259,1511957419.7
10233.0,21,3,2.30258,1511957421.49
10255.0,21,3,2.30258,1511957422.95
10274.0,21,3,2.30258,1511957424.52
10294.0,21,3,2.30259,1511957426.23
10317.0,21,3,2.30258,1511957427.77
10337.0,21,3,2.30258,1511957429.25
10355.0,21,3,2.30259,1511957430.77
10375.0,21,3,2.30259,1511957432.31
10396.0,21,3,2.30259,1511957433.79
10416.0,21,3,2.30259,1511957435.35
10436.0,21,3,2.30259,1511957436.99
10457.0,21,3,2.30258,1511957438.67
10480.0,21,3,2.30259,1511957440.26
10500.0,21,3,2.30258,1511957441.94
10521.0,21,3,2.30259,1511957443.52
10540.0,21,3,2.30258,1511957445.15
10561.0,21,3,2.30258,1511957446.82
10582.0,21,3,2.30258,1511957448.44
10603.0,21,3,2.30259,1511957449.94
10624.0,21,3,2.30258,1511957451.47
10645.0,21,3,2.30259,1511957452.97
10665.0,21,3,2.30259,1511957454.53
10686.0,21,3,2.30259,1511957456.11
10707.0,21,3,2.30258,1511957457.82
10727.0,21,3,2.30259,1511957459.45
10749.0,21,3,2.30258,1511957460.97
10770.0,21,3,2.30259,1511957462.56
10793.0,21,3,2.30259,1511957464.16
10811.0,21,3,2.30258,1511957465.63
10832.0,21,3,2.30259,1511957467.12
10853.0,21,3,2.30259,1511957468.67
10874.0,21,3,2.30259,1511957470.23
10895.0,21,3,2.30258,1511957472.01
10917.0,21,3,2.30258,1511957473.64
10938.0,21,3,2.30258,1511957475.13
10959.0,21,3,2.30259,1511957476.75
10980.0,21,3,2.30258,1511957478.54
11001.0,21,3,2.30258,1511957480.07
11021.0,21,3,2.30259,1511957481.81
11043.0,21,3,2.30259,1511957483.38
11064.0,21,3,2.30259,1511957484.89
11085.0,21,3,2.30259,1511957486.51
11105.0,21,3,2.30259,1511957488.01
11126.0,21,3,2.30258,1511957489.61
11147.0,21,3,2.30258,1511957491.33
11167.0,21,3,2.30259,1511957492.87
11187.0,21,3,2.30259,1511957494.44
11208.0,21,3,2.30259,1511957496.05
11230.0,21,3,2.30259,1511957497.66
11251.0,21,3,2.30259,1511957499.49
11275.0,21,3,2.30259,1511957501.26
11298.0,21,3,2.30258,1511957502.88
11317.0,21,3,2.30259,1511957504.47
11340.0,21,3,2.30259,1511957506.07
11361.0,21,3,2.30259,1511957507.59
11379.0,21,3,2.30258,1511957509.14
11400.0,21,3,2.30259,1511957510.97
11425.0,21,3,2.30259,1511957512.63
11446.0,21,3,2.30259,1511957514.17
11466.0,21,3,2.30258,1511957515.83
11487.0,21,3,2.30258,1511957517.53
11510.0,21,3,2.30258,1511957519.14
11530.0,21,3,2.30258,1511957520.8
11552.0,21,3,2.30258,1511957522.38
11573.0,21,3,2.30258,1511957524.01
11595.0,21,3,2.30259,1511957525.7
11617.0,21,3,2.30259,1511957527.31
11640.0,21,3,2.30259,1511957528.96
11660.0,21,3,2.30259,1511957530.51
11678.0,21,3,2.30258,1511957532.18
11701.0,21,3,2.30258,1511957533.8
11721.0,21,3,2.30258,1511957535.5
11742.0,21,3,2.30258,1511957537.08
11764.0,21,3,2.30258,1511957538.69
11786.0,21,3,2.30258,1511957540.44
11807.0,21,3,2.30258,1511957542.04
11829.0,21,3,2.30259,1511957543.6
11850.0,21,3,2.30259,1511957545.19
11870.0,21,3,2.30259,1511957546.82
11892.0,21,3,2.30259,1511957548.58
11914.0,21,3,2.30258,1511957550.19
11935.0,21,3,2.30259,1511957551.75
11956.0,21,3,2.30258,1511957553.43
11977.0,21,3,2.30259,1511957554.96
11997.0,21,3,2.30259,1511957556.57
12020.0,21,3,2.30258,1511957558.31
12042.0,21,3,2.30259,1511957559.88
12062.0,21,3,2.30259,1511957561.43
12084.0,21,3,2.30258,1511957562.94
12104.0,21,3,2.30258,1511957564.52
12123.0,21,3,2.30259,1511957566.08
12144.0,21,3,2.30259,1511957567.79
12166.0,21,3,2.30259,1511957569.34
12185.0,21,3,2.30259,1511957571.1
12210.0,21,3,2.30259,1511957572.83
12232.0,21,3,2.30259,1511957574.5
12255.0,21,3,2.30258,1511957576.03
12275.0,21,3,2.30258,1511957577.62
12296.0,21,3,2.30258,1511957579.13
12316.0,21,3,2.30258,1511957580.91
12338.0,21,3,2.30259,1511957582.48
12359.0,21,3,2.30258,1511957584.24
12381.0,21,3,2.30259,1511957585.79
12402.0,21,3,2.30258,1511957587.32
12422.0,21,3,2.30258,1511957588.89
12445.0,21,3,2.30259,1511957590.48
12464.0,21,3,2.30258,1511957592.05
12485.0,21,3,2.30259,1511957593.78
12508.0,21,3,2.30258,1511957595.34
12529.0,21,3,2.30258,1511957596.98
12550.0,21,3,2.30259,1511957598.53
12570.0,21,3,2.30259,1511957600.15
12592.0,21,3,2.30258,1511957601.74
12611.0,21,3,2.30259,1511957603.32
12631.0,21,3,2.30258,1511957604.8
12652.0,21,3,2.30259,1511957606.45
12671.0,21,3,2.30259,1511957608.14
12694.0,21,3,2.30258,1511957609.94
12720.0,21,3,2.30258,1511957611.5
12739.0,21,3,2.30259,1511957613.05
12759.0,21,3,2.30259,1511957614.7
12783.0,21,3,2.30259,1511957616.37
12803.0,21,3,2.30259,1511957617.93
12823.0,21,3,2.30259,1511957619.55
12844.0,21,3,2.30259,1511957621.02
12864.0,21,3,2.30258,1511957622.63
12885.0,21,3,2.30258,1511957624.18
12907.0,21,3,2.30259,1511957625.95
12931.0,21,3,2.30258,1511957627.69
12954.0,21,3,2.30258,1511957629.19
12970.0,21,3,2.30259,1511957630.73
12992.0,21,3,2.30259,1511957632.32
13013.0,21,3,2.30258,1511957633.79
13031.0,21,3,2.30258,1511957635.38
13053.0,21,3,2.30259,1511957636.91
13071.0,21,3,2.30259,1511957638.54
13092.0,21,3,2.30259,1511957640.12
13114.0,21,3,2.30259,1511957641.65
13133.0,21,3,2.30259,1511957643.33
13157.0,21,3,2.30259,1511957644.94
13176.0,21,3,2.30258,1511957646.5
13198.0,21,3,2.30258,1511957648.05
13217.0,21,3,2.30258,1511957649.63
13240.0,21,3,2.30258,1511957651.1
13258.0,21,3,2.30259,1511957652.58
13278.0,21,3,2.30258,1511957654.12
13298.0,21,3,2.30258,1511957655.83
13320.0,21,3,2.30259,1511957657.38
13341.0,21,3,2.30259,1511957659.01
13361.0,21,3,2.30259,1511957660.59
13381.0,21,3,2.30259,1511957662.33
13403.0,21,3,2.30258,1511957663.98
13425.0,21,3,2.30258,1511957665.57
13447.0,21,3,2.30258,1511957667.18
13469.0,21,3,2.30259,1511957668.72
13489.0,21,3,2.30258,1511957670.43
13510.0,21,3,2.30258,1511957671.95
13531.0,21,3,2.30259,1511957673.51
13550.0,21,3,2.30259,1511957675.08
13572.0,21,3,2.30258,1511957676.6
13592.0,21,3,2.30259,1511957678.02
13610.0,21,3,2.30258,1511957679.52
13630.0,21,3,2.30258,1511957681.16
13652.0,21,3,2.30258,1511957682.97
13674.0,21,3,2.30259,1511957684.57
13696.0,21,3,2.30258,1511957686.07
13716.0,21,3,2.30259,1511957687.8
13739.0,21,3,2.30259,1511957689.42
13760.0,21,3,2.30258,1511957690.91
13781.0,21,3,2.30259,1511957692.52
13801.0,21,3,2.30258,1511957694.42
13827.0,21,3,2.30258,1511957696.24
13849.0,21,3,2.30259,1511957697.98
13871.0,21,3,2.30258,1511957699.53
13891.0,21,3,2.30259,1511957701.11
13913.0,21,3,2.30258,1511957702.63
13932.0,21,3,2.30258,1511957704.25
13954.0,21,3,2.30258,1511957705.99
13976.0,21,3,2.30258,1511957707.5
13995.0,21,3,2.30259,1511957709.07
14015.0,21,3,2.30258,1511957710.59
14036.0,21,3,2.30259,1511957712.1
14057.0,21,3,2.30258,1511957713.73
14078.0,21,3,2.30258,1511957715.31
14099.0,21,3,2.30259,1511957716.91
14118.0,21,3,2.30259,1511957718.68
14142.0,21,3,2.30258,1511957720.39
14163.0,21,3,2.30259,1511957721.98
14184.0,21,3,2.30258,1511957723.71
14205.0,21,3,2.30258,1511957725.28
14226.0,21,3,2.30258,1511957726.8
14247.0,21,3,2.30258,1511957728.31
14267.0,21,3,2.30259,1511957729.92
14288.0,21,3,2.30258,1511957731.39
14308.0,21,3,2.30258,1511957733.05
14330.0,21,3,2.30258,1511957734.64
14350.0,21,3,2.30259,1511957736.15
14370.0,21,3,2.30259,1511957737.75
14390.0,21,3,2.30258,1511957739.33
14410.0,21,3,2.30258,1511957741.11
14434.0,21,3,2.30259,1511957742.65
14455.0,21,3,2.30258,1511957744.16
14474.0,21,3,2.30259,1511957745.93
14496.0,21,3,2.30259,1511957747.44
14517.0,21,3,2.30259,1511957748.98
14538.0,21,3,2.30258,1511957750.53
14558.0,21,3,2.30259,1511957751.97
14578.0,21,3,2.30258,1511957753.81
14601.0,21,3,2.30259,1511957755.41
14622.0,21,3,2.30259,1511957757.1
14642.0,21,3,2.30259,1511957758.84
14664.0,21,3,2.30259,1511957760.57
14686.0,21,3,2.30259,1511957762.32
14711.0,21,3,2.30258,1511957763.84
14729.0,21,3,2.30258,1511957765.36
14749.0,21,3,2.30259,1511957767.11
14773.0,21,3,2.30259,1511957768.7
14793.0,21,3,2.30259,1511957770.29
14814.0,21,3,2.30259,1511957771.78
14834.0,21,3,2.30258,1511957773.41
14855.0,21,3,2.30258,1511957775.07
14877.0,21,3,2.30258,1511957776.87
14899.0,21,3,2.30258,1511957778.34
14920.0,21,3,2.30259,1511957779.89
14941.0,21,3,2.30259,1511957781.39
14960.0,21,3,2.30259,1511957783.08
14982.0,21,3,2.30258,1511957784.64
15002.0,21,3,2.30258,1511957786.15
15023.0,21,3,2.30259,1511957787.7
15041.0,21,3,2.30258,1511957789.22
15061.0,21,3,2.30258,1511957790.9
15082.0,21,3,2.30258,1511957792.5
15103.0,21,3,2.30259,1511957794.07
15124.0,21,3,2.30258,1511957795.61
15145.0,21,3,2.30258,1511957797.3
15168.0,21,3,2.30258,1511957798.87
15189.0,21,3,2.30258,1511957800.49
15209.0,21,3,2.30258,1511957802.03
15229.0,21,3,2.30259,1511957803.78
15253.0,21,3,2.30259,1511957805.33
15274.0,21,3,2.30259,1511957806.85
15294.0,21,3,2.30259,1511957808.48
15316.0,21,3,2.30259,1511957809.96
15334.0,21,3,2.30259,1511957811.5
15353.0,21,3,2.30259,1511957813.07
15375.0,21,3,2.30258,1511957814.61
15394.0,21,3,2.30259,1511957816.16
15412.0,21,3,2.30259,1511957817.78
15436.0,21,3,2.30259,1511957819.34
15456.0,21,3,2.30259,1511957820.91
15476.0,21,3,2.30259,1511957822.45
15497.0,21,3,2.30259,1511957824.0
15517.0,21,3,2.30258,1511957825.56
15538.0,21,3,2.30259,1511957827.1
15557.0,21,3,2.30259,1511957828.82
15580.0,21,3,2.30258,1511957830.28
15598.0,21,3,2.30259,1511957831.91
15620.0,21,3,2.30259,1511957833.57
15643.0,21,3,2.30259,1511957835.6
15667.0,21,3,2.30258,1511957837.33
15689.0,21,3,2.30259,1511957839.0
15710.0,21,3,2.30258,1511957840.6
15731.0,21,3,2.30258,1511957842.19
15752.0,21,3,2.30258,1511957843.79
15773.0,21,3,2.30258,1511957845.97
15804.0,21,3,2.30258,1511957847.57
15823.0,21,3,2.30258,1511957849.05
15840.0,21,3,2.30258,1511957850.59
15860.0,21,3,2.30259,1511957852.05
15881.0,21,3,2.30259,1511957853.63
15903.0,21,3,2.30259,1511957855.27
15923.0,21,3,2.30259,1511957856.87
15945.0,21,3,2.30259,1511957858.39
15965.0,21,3,2.30259,1511957860.06
15985.0,21,3,2.30259,1511957861.6
16005.0,21,3,2.30258,1511957863.29
16028.0,21,3,2.30259,1511957864.78
16048.0,21,3,2.30259,1511957866.31
16068.0,21,3,2.30258,1511957867.85
16089.0,21,3,2.30258,1511957869.53
16111.0,21,3,2.30258,1511957871.1
16132.0,21,3,2.30259,1511957872.75
16153.0,21,3,2.30258,1511957874.29
16173.0,21,3,2.30259,1511957875.82
16193.0,21,3,2.30258,1511957877.41
16213.0,21,3,2.30258,1511957879.1
16235.0,21,3,2.30259,1511957880.64
16256.0,21,3,2.30259,1511957882.21
16277.0,21,3,2.30258,1511957883.78
16298.0,21,3,2.30259,1511957885.34
16318.0,21,3,2.30259,1511957886.88
16339.0,21,3,2.30258,1511957888.4
16357.0,21,3,2.30258,1511957890.01
16378.0,21,3,2.30259,1511957891.57
16399.0,21,3,2.30258,1511957893.32
16422.0,21,3,2.30258,1511957894.92
16441.0,21,3,2.30259,1511957896.57
16463.0,21,3,2.30258,1511957898.18
16484.0,21,3,2.30259,1511957899.7
16504.0,21,3,2.30258,1511957901.25
16524.0,21,3,2.30258,1511957902.84
16544.0,21,3,2.30258,1511957904.46
16564.0,21,3,2.30259,1511957906.06
16586.0,21,3,2.30259,1511957907.59
16605.0,21,3,2.30258,1511957909.15
16625.0,21,3,2.30258,1511957910.67
16646.0,21,3,2.30259,1511957912.33
16668.0,21,3,2.30259,1511957913.84
16687.0,21,3,2.30259,1511957915.44
16709.0,21,3,2.30258,1511957916.99
16730.0,21,3,2.30259,1511957918.8
16753.0,21,3,2.30258,1511957920.4
16775.0,21,3,2.30258,1511957922.28
16802.0,21,3,2.30258,1511957923.92
16821.0,21,3,2.30259,1511957925.57
16842.0,21,3,2.30258,1511957927.07
16863.0,21,3,2.30259,1511957928.54
16881.0,21,3,2.30259,1511957930.5
16905.0,21,3,2.30259,1511957932.06
16927.0,21,3,2.30258,1511957933.66
16946.0,21,3,2.30259,1511957935.47
16972.0,21,3,2.30258,1511957937.06
16993.0,21,3,2.30258,1511957938.66
17011.0,21,3,2.30258,1511957940.21
17032.0,21,3,2.30259,1511957941.79
17053.0,21,3,2.30259,1511957943.34
17074.0,21,3,2.30259,1511957944.91
17092.0,21,3,2.30259,1511957946.51
17112.0,21,3,2.30258,1511957948.14
17134.0,21,3,2.30258,1511957949.7
17154.0,21,3,2.30258,1511957951.31
17175.0,21,3,2.30259,1511957952.89
17197.0,21,3,2.30258,1511957954.49
17218.0,21,3,2.30258,1511957956.12
17239.0,21,3,2.30259,1511957957.73
17261.0,21,3,2.30259,1511957959.22
17282.0,21,3,2.30258,1511957960.82
17302.0,21,3,2.30258,1511957962.28
17322.0,21,3,2.30259,1511957963.83
17341.0,21,3,2.30258,1511957965.38
17362.0,21,3,2.30258,1511957966.92
17382.0,21,3,2.30259,1511957968.63
17404.0,21,3,2.30259,1511957970.26
17425.0,21,3,2.30258,1511957972.07
17449.0,21,3,2.30258,1511957973.61
17469.0,21,3,2.30259,1511957975.12
17489.0,21,3,2.30258,1511957976.67
17510.0,21,3,2.30259,1511957978.19
17530.0,21,3,2.30259,1511957979.72
17550.0,21,3,2.30259,1511957981.26
17570.0,21,3,2.30258,1511957982.84
17593.0,21,3,2.30259,1511957984.4
17611.0,21,3,2.30258,1511957985.99
17630.0,21,3,2.30259,1511957987.55
17650.0,21,3,2.30258,1511957989.14
17672.0,21,3,2.30258,1511957990.76
17694.0,21,3,2.30258,1511957992.31
17713.0,21,3,2.30259,1511957994.07
17737.0,21,3,2.30258,1511957995.72
17759.0,21,3,2.30259,1511957997.31
17780.0,21,3,2.30259,1511957998.92
17801.0,21,3,2.30259,1511958000.49
17822.0,21,3,2.30258,1511958001.99
17842.0,21,3,2.30258,1511958003.59
17862.0,21,3,2.30258,1511958005.15
17882.0,21,3,2.30258,1511958006.61
17902.0,21,3,2.30258,1511958008.14
17922.0,21,3,2.30259,1511958009.88
17945.0,21,3,2.30258,1511958011.43
17966.0,21,3,2.30259,1511958013.06
17989.0,21,3,2.30259,1511958014.66
18009.0,21,3,2.30259,1511958016.39
18030.0,21,3,2.30259,1511958018.02
18051.0,21,3,2.30258,1511958019.56
18073.0,21,3,2.30259,1511958021.16
18093.0,21,3,2.30258,1511958022.89
18115.0,21,3,2.30259,1511958024.42
18136.0,21,3,2.30258,1511958025.99
18157.0,21,3,2.30258,1511958027.58
18180.0,21,3,2.30258,1511958029.3
18201.0,21,3,2.30258,1511958030.88
18222.0,21,3,2.30259,1511958032.5
18243.0,21,3,2.30259,1511958034.31
18265.0,21,3,2.30259,1511958035.97
18287.0,21,3,2.30258,1511958037.79
18309.0,21,3,2.30259,1511958039.34
18330.0,21,3,2.30259,1511958040.86
18350.0,21,3,2.30259,1511958042.51
18373.0,21,3,2.30259,1511958044.21
18393.0,21,3,2.30258,1511958045.75
18414.0,21,3,2.30259,1511958047.28
18432.0,21,3,2.30259,1511958048.8
18452.0,21,3,2.30258,1511958050.34
18474.0,21,3,2.30258,1511958051.9
18495.0,21,3,2.30258,1511958053.5
18516.0,21,3,2.30258,1511958055.06
18538.0,21,3,2.30259,1511958056.54
18556.0,21,3,2.30258,1511958058.18
18580.0,21,3,2.30258,1511958059.79
18601.0,21,3,2.30258,1511958061.39
18619.0,21,3,2.30258,1511958062.96
18641.0,21,3,2.30259,1511958064.61
18662.0,21,3,2.30259,1511958066.2
18684.0,21,3,2.30258,1511958067.74
18703.0,21,3,2.30258,1511958069.44
18724.0,21,3,2.30259,1511958070.98
18743.0,21,3,2.30259,1511958072.53
18764.0,21,3,2.30259,1511958074.17
18788.0,21,3,2.30258,1511958075.72
18805.0,21,3,2.30258,1511958077.53
18831.0,21,3,2.30259,1511958079.18
18853.0,21,3,2.30259,1511958080.72
18872.0,21,3,2.30258,1511958082.16
18891.0,21,3,2.30259,1511958083.9
18915.0,21,3,2.30259,1511958085.37
18934.0,21,3,2.30259,1511958086.89
18953.0,21,3,2.30259,1511958088.65
18978.0,21,3,2.30259,1511958090.34
19000.0,21,3,2.30258,1511958091.82
19015.0,21,3,2.30259,1511958093.31
19035.0,21,3,2.30259,1511958094.83
19055.0,21,3,2.30258,1511958096.36
19076.0,21,3,2.30258,1511958097.98
19097.0,21,3,2.30258,1511958099.48
19117.0,21,3,2.30258,1511958101.09
19137.0,21,3,2.30258,1511958102.73
19159.0,21,3,2.30259,1511958104.31
19180.0,21,3,2.30259,1511958105.83
19201.0,21,3,2.30258,1511958107.33
19221.0,21,3,2.30259,1511958108.99
19242.0,21,3,2.30258,1511958110.65
19262.0,21,3,2.30259,1511958112.27
19285.0,21,3,2.30259,1511958114.09
19307.0,21,3,2.30259,1511958115.61
19328.0,21,3,2.30258,1511958117.23
19349.0,21,3,2.30259,1511958118.75
19368.0,21,3,2.30259,1511958120.29
19389.0,21,3,2.30258,1511958121.78
19407.0,21,3,2.30259,1511958123.31
19428.0,21,3,2.30259,1511958124.9
19451.0,21,3,2.30258,1511958126.55
19471.0,21,3,2.30258,1511958128.31
19494.0,21,3,2.30258,1511958129.86
19511.0,21,3,2.30259,1511958131.38
19532.0,21,3,2.30258,1511958132.97
19553.0,21,3,2.30259,1511958134.52
19574.0,21,3,2.30259,1511958136.08
19595.0,21,3,2.30258,1511958137.62
19616.0,21,3,2.30258,1511958139.18
19636.0,21,3,2.30259,1511958140.76
19658.0,21,3,2.30258,1511958142.34
19678.0,21,3,2.30258,1511958143.94
19699.0,21,3,2.30258,1511958145.58
19720.0,21,3,2.30258,1511958147.14
19739.0,21,3,2.30258,1511958148.68
19759.0,21,3,2.30259,1511958150.32
19781.0,21,3,2.30259,1511958151.88
19801.0,21,3,2.30258,1511958153.82
19827.0,21,3,2.30259,1511958155.35
19848.0,21,3,2.30259,1511958156.91
19867.0,21,3,2.30258,1511958158.57
19887.0,21,3,2.30259,1511958160.18
19909.0,21,3,2.30258,1511958161.76
19929.0,21,3,2.30258,1511958163.28
19949.0,21,3,2.30258,1511958164.91
19970.0,21,3,2.30258,1511958166.71
19994.0,21,3,2.30258,1511958168.41
20016.0,21,3,2.30259,1511958169.96
20036.0,21,3,2.30259,1511958171.59
20060.0,21,3,2.30259,1511958173.25
20079.0,21,3,2.30259,1511958174.79
20100.0,21,3,2.30258,1511958176.25
20119.0,21,3,2.30259,1511958177.81
20138.0,21,3,2.30259,1511958179.33
20159.0,21,3,2.30259,1511958180.86
20178.0,21,3,2.30258,1511958182.71
20206.0,21,3,2.30259,1511958184.26
20226.0,21,3,2.30258,1511958186.06
20248.0,21,3,2.30258,1511958187.57
20269.0,21,3,2.30259,1511958189.17
20289.0,21,3,2.30259,1511958190.74
20309.0,21,3,2.30259,1511958192.27
20330.0,21,3,2.30259,1511958193.95
20352.0,21,3,2.30258,1511958195.63
20374.0,21,3,2.30258,1511958197.13
20393.0,21,3,2.30258,1511958198.64
20415.0,21,3,2.30259,1511958200.23
20436.0,21,3,2.30259,1511958201.81
20457.0,21,3,2.30258,1511958203.4
20476.0,21,3,2.30258,1511958204.94
20497.0,21,3,2.30259,1511958206.46
20516.0,21,3,2.30259,1511958208.06
20538.0,21,3,2.30259,1511958209.55
20558.0,21,3,2.30259,1511958211.07
20577.0,21,3,2.30259,1511958212.63
20597.0,21,3,2.30259,1511958214.44
20620.0,21,3,2.30259,1511958215.99
20641.0,21,3,2.30258,1511958217.44
20659.0,21,3,2.30259,1511958218.91
20680.0,21,3,2.30258,1511958220.61
20701.0,21,3,2.30259,1511958222.17
20721.0,21,3,2.30259,1511958223.72
20742.0,21,3,2.30259,1511958225.42
20766.0,21,3,2.30259,1511958226.95
20786.0,21,3,2.30259,1511958228.4
20805.0,21,3,2.30258,1511958229.97
20827.0,21,3,2.30259,1511958231.77
20849.0,21,3,2.30258,1511958233.42
20870.0,21,3,2.30259,1511958234.87
20890.0,21,3,2.30258,1511958236.42
20909.0,21,3,2.30258,1511958238.21
20931.0,21,3,2.30259,1511958239.77
20952.0,21,3,2.30259,1511958241.41
20975.0,21,3,2.30259,1511958243.11
20997.0,21,3,2.30258,1511958244.67
21017.0,21,3,2.30259,1511958246.37
21039.0,21,3,2.30259,1511958247.94
21059.0,21,3,2.30259,1511958249.53
21080.0,21,3,2.30259,1511958251.14
21102.0,21,3,2.30258,1511958252.82
21123.0,21,3,2.30259,1511958254.41
21144.0,21,3,2.30258,1511958255.9
21163.0,21,3,2.30258,1511958257.54
21182.0,21,3,2.30259,1511958259.37
21210.0,21,3,2.30258,1511958260.94
21230.0,21,3,2.30259,1511958262.64
21253.0,21,3,2.30259,1511958264.2
21274.0,21,3,2.30259,1511958265.7
21291.0,21,3,2.30258,1511958267.27
21311.0,21,3,2.30259,1511958268.75
21330.0,21,3,2.30258,1511958270.39
21352.0,21,3,2.30259,1511958271.94
21372.0,21,3,2.30259,1511958273.51
21392.0,21,3,2.30258,1511958275.09
21414.0,21,3,2.30258,1511958276.78
21434.0,21,3,2.30258,1511958278.32
21455.0,21,3,2.30259,1511958279.85
21476.0,21,3,2.30259,1511958281.39
21495.0,21,3,2.30259,1511958282.91
21514.0,21,3,2.30258,1511958284.44
21534.0,21,3,2.30258,1511958285.97
21553.0,21,3,2.30258,1511958287.48
21574.0,21,3,2.30259,1511958289.07
21595.0,21,3,2.30258,1511958290.67
21616.0,21,3,2.30258,1511958292.35
21638.0,21,3,2.30259,1511958293.85
21657.0,21,3,2.30259,1511958295.39
21678.0,21,3,2.30258,1511958296.88
21697.0,21,3,2.30258,1511958298.49
21719.0,21,3,2.30259,1511958300.07
21739.0,21,3,2.30259,1511958301.61
21760.0,21,3,2.30258,1511958303.33
21782.0,21,3,2.30259,1511958304.88
21803.0,21,3,2.30259,1511958306.61
21824.0,21,3,2.30258,1511958308.09
21845.0,21,3,2.30258,1511958309.69
21865.0,21,3,2.30259,1511958311.42
21887.0,21,3,2.30259,1511958312.95
21907.0,21,3,2.30259,1511958314.53
21928.0,21,3,2.30258,1511958316.31
21950.0,21,3,2.30258,1511958317.88
21970.0,21,3,2.30258,1511958319.49
21993.0,21,3,2.30259,1511958321.21
22017.0,21,3,2.30258,1511958322.8
22036.0,21,3,2.30259,1511958324.55
22060.0,21,3,2.30258,1511958326.11
22080.0,21,3,2.30259,1511958327.81
22101.0,21,3,2.30259,1511958329.37
22121.0,21,3,2.30258,1511958330.88
22142.0,21,3,2.30259,1511958332.38
22160.0,21,3,2.30258,1511958333.96
22180.0,21,3,2.30258,1511958335.55
22199.0,21,3,2.30258,1511958337.12
22220.0,21,3,2.30259,1511958338.85
22244.0,21,3,2.30259,1511958340.48
22264.0,21,3,2.30258,1511958342.3
22290.0,21,3,2.30258,1511958343.95
22312.0,21,3,2.30258,1511958345.51
22332.0,21,3,2.30259,1511958347.09
22353.0,21,3,2.30258,1511958348.6
22374.0,21,3,2.30259,1511958350.37
22395.0,21,3,2.30259,1511958351.88
22416.0,21,3,2.30259,1511958353.36
22435.0,21,3,2.30259,1511958354.95
22456.0,21,3,2.30259,1511958356.57
22476.0,21,3,2.30259,1511958358.24
22498.0,21,3,2.30259,1511958359.84
22518.0,21,3,2.30259,1511958361.67
22543.0,21,3,2.30259,1511958363.29
22563.0,21,3,2.30258,1511958364.85
22584.0,21,3,2.30258,1511958366.38
22604.0,21,3,2.30258,1511958367.95
22624.0,21,3,2.30258,1511958369.57
22645.0,21,3,2.30259,1511958371.03
22664.0,21,3,2.30258,1511958372.77
22687.0,21,3,2.30259,1511958374.37
22708.0,21,3,2.30259,1511958375.91
22728.0,21,3,2.30258,1511958377.66
22750.0,21,3,2.30258,1511958379.3
22771.0,21,3,2.30259,1511958380.83
22791.0,21,3,2.30258,1511958382.37
22810.0,21,3,2.30258,1511958383.88
22831.0,21,3,2.30259,1511958385.4
22850.0,21,3,2.30258,1511958386.89
22871.0,21,3,2.30259,1511958388.48
22892.0,21,3,2.30259,1511958390.0
22911.0,21,3,2.30258,1511958391.57
22933.0,21,3,2.30258,1511958393.11
22950.0,21,3,2.30258,1511958394.8
22974.0,21,3,2.30258,1511958396.41
22995.0,21,3,2.30259,1511958398.29
23018.0,21,3,2.30258,1511958399.84
23039.0,21,3,2.30259,1511958401.4
23059.0,21,3,2.30259,1511958402.99
23081.0,21,3,2.30258,1511958404.69
23104.0,21,3,2.30258,1511958406.27
23125.0,21,3,2.30259,1511958407.78
23143.0,21,3,2.30258,1511958409.31
23163.0,21,3,2.30258,1511958410.82
23182.0,21,3,2.30258,1511958412.4
23204.0,21,3,2.30258,1511958414.01
23224.0,21,3,2.30258,1511958415.62
23244.0,21,3,2.30258,1511958417.11
23265.0,21,3,2.30258,1511958418.87
23287.0,21,3,2.30259,1511958420.52
23309.0,21,3,2.30259,1511958422.05
23330.0,21,3,2.30259,1511958423.81
23351.0,21,3,2.30259,1511958425.53
23374.0,21,3,2.30258,1511958427.06
23394.0,21,3,2.30258,1511958428.67
23415.0,21,3,2.30259,1511958430.38
23437.0,21,3,2.30259,1511958432.11
23458.0,21,3,2.30258,1511958433.67
23479.0,21,3,2.30259,1511958435.36
23504.0,21,3,2.30259,1511958436.93
23522.0,21,3,2.30259,1511958438.61
23547.0,21,3,2.30259,1511958440.37
23569.0,21,3,2.30258,1511958441.94
23589.0,21,3,2.30258,1511958443.54
23609.0,21,3,2.30258,1511958445.05
23629.0,21,3,2.30258,1511958446.63
23651.0,21,3,2.30259,1511958448.3
23672.0,21,3,2.30259,1511958450.05
23696.0,21,3,2.30259,1511958451.65
23716.0,21,3,2.30259,1511958453.11
23735.0,21,3,2.30259,1511958454.85
23757.0,21,3,2.30258,1511958456.36
23778.0,21,3,2.30258,1511958457.97
23800.0,21,3,2.30259,1511958459.57
23820.0,21,3,2.30258,1511958461.14
23841.0,21,3,2.30258,1511958462.93
23866.0,21,3,2.30259,1511958464.44
23886.0,21,3,2.30259,1511958466.09
23907.0,21,3,2.30259,1511958467.69
23929.0,21,3,2.30258,1511958469.22
23949.0,21,3,2.30259,1511958470.86
23971.0,21,3,2.30258,1511958472.39
23990.0,21,3,2.30258,1511958474.13
24012.0,21,3,2.30259,1511958475.69
24033.0,21,3,2.30258,1511958477.33
24054.0,21,3,2.30259,1511958478.82
24074.0,21,3,2.30258,1511958480.29
24094.0,21,3,2.30258,1511958481.77
24113.0,21,3,2.30258,1511958483.38
24133.0,21,3,2.30259,1511958485.09
24155.0,21,3,2.30258,1511958486.64
24175.0,21,3,2.30258,1511958488.21
24196.0,21,3,2.30259,1511958489.77
24217.0,21,3,2.30259,1511958491.36
24238.0,21,3,2.30258,1511958492.94
24259.0,21,3,2.30259,1511958494.45
24278.0,21,3,2.30258,1511958496.01
24298.0,21,3,2.30258,1511958497.57
24318.0,21,3,2.30258,1511958499.11
24339.0,21,3,2.30258,1511958500.67
24359.0,21,3,2.30259,1511958502.24
24380.0,21,3,2.30259,1511958503.77
24400.0,21,3,2.30259,1511958505.34
24422.0,21,3,2.30258,1511958506.85
24443.0,21,3,2.30258,1511958508.44
24464.0,21,3,2.30258,1511958510.06
24485.0,21,3,2.30259,1511958511.6
24507.0,21,3,2.30258,1511958513.11
24525.0,21,3,2.30259,1511958514.73
24545.0,21,3,2.30259,1511958516.38
24568.0,21,3,2.30258,1511958517.91
24587.0,21,3,2.30258,1511958519.36
24605.0,21,3,2.30258,1511958520.9
24626.0,21,3,2.30258,1511958522.49
24646.0,21,3,2.30258,1511958524.16
24667.0,21,3,2.30259,1511958525.7
24685.0,21,3,2.30259,1511958527.2
24705.0,21,3,2.30258,1511958529.11
24737.0,21,3,2.30259,1511958530.74
24758.0,21,3,2.30258,1511958532.38
24779.0,21,3,2.30259,1511958533.92
24800.0,21,3,2.30259,1511958535.67
24821.0,21,3,2.30258,1511958537.25
24842.0,21,3,2.30259,1511958538.81
24864.0,21,3,2.30259,1511958540.47
24885.0,21,3,2.30258,1511958542.15
24905.0,21,3,2.30259,1511958543.77
24926.0,21,3,2.30258,1511958545.33
24947.0,21,3,2.30258,1511958547.15
24969.0,21,3,2.30258,1511958548.75
24990.0,21,3,2.30258,1511958550.32
25011.0,21,3,2.30258,1511958552.11
25033.0,21,3,2.30259,1511958553.6
25053.0,21,3,2.30259,1511958555.13
25074.0,21,3,2.30258,1511958556.66
25094.0,21,3,2.30259,1511958558.17
25114.0,21,3,2.30259,1511958559.74
25135.0,21,3,2.30259,1511958561.28
25156.0,21,3,2.30259,1511958562.87
25177.0,21,3,2.30258,1511958564.36
25194.0,21,3,2.30259,1511958566.13
25217.0,21,3,2.30258,1511958567.7
25238.0,21,3,2.30259,1511958569.39
25260.0,21,3,2.30258,1511958571.01
25283.0,21,3,2.30259,1511958572.8
25304.0,21,3,2.30258,1511958574.4
25324.0,21,3,2.30259,1511958575.9
25344.0,21,3,2.30259,1511958577.46
25364.0,21,3,2.30259,1511958578.99
25385.0,21,3,2.30259,1511958580.52
25403.0,21,3,2.30259,1511958582.09
25423.0,21,3,2.30258,1511958583.67
25444.0,21,3,2.30258,1511958585.17
25464.0,21,3,2.30259,1511958586.73
25483.0,21,3,2.30258,1511958588.47
25506.0,21,3,2.30258,1511958590.04
25527.0,21,3,2.30258,1511958591.68
25550.0,21,3,2.30258,1511958593.5
25573.0,21,3,2.30258,1511958595.02
25593.0,21,3,2.30258,1511958596.92
25619.0,21,3,2.30259,1511958598.51
25641.0,21,3,2.30258,1511958600.06
25662.0,21,3,2.30259,1511958601.59
25681.0,21,3,2.30258,1511958603.09
25699.0,21,3,2.30259,1511958604.62
25719.0,21,3,2.30258,1511958606.16
25737.0,21,3,2.30259,1511958607.61
25757.0,21,3,2.30258,1511958609.28
25780.0,21,3,2.30259,1511958610.99
25803.0,21,3,2.30258,1511958612.62
25825.0,21,3,2.30258,1511958614.13
25844.0,21,3,2.30258,1511958615.61
25861.0,21,3,2.30258,1511958617.07
25879.0,21,3,2.30258,1511958618.73
25903.0,21,3,2.30258,1511958620.29
25923.0,21,3,2.30258,1511958621.96
25944.0,21,3,2.30259,1511958623.73
25969.0,21,3,2.30259,1511958625.35
25991.0,21,3,2.30259,1511958626.86
26009.0,21,3,2.30258,1511958628.49
26031.0,21,3,2.30259,1511958630.03
26052.0,21,3,2.30259,1511958631.76
26076.0,21,3,2.30258,1511958633.3
26096.0,21,3,2.30258,1511958635.06
26118.0,21,3,2.30259,1511958636.71
26139.0,21,3,2.30259,1511958638.26
26158.0,21,3,2.30258,1511958639.81
26179.0,21,3,2.30258,1511958641.5
26200.0,21,3,2.30259,1511958643.19
26222.0,21,3,2.30259,1511958644.93
26246.0,21,3,2.30258,1511958646.41
26265.0,21,3,2.30259,1511958648.11
26288.0,21,3,2.30258,1511958649.68
26308.0,21,3,2.30259,1511958651.27
26329.0,21,3,2.30259,1511958652.89
26350.0,21,3,2.30259,1511958654.46
26371.0,21,3,2.30258,1511958655.98
26391.0,21,3,2.30258,1511958657.56
26412.0,21,3,2.30259,1511958659.2
26434.0,21,3,2.30258,1511958660.92
26457.0,21,3,2.30259,1511958662.38
26475.0,21,3,2.30258,1511958663.89
26495.0,21,3,2.30259,1511958665.41
26513.0,21,3,2.30259,1511958667.01
26534.0,21,3,2.30259,1511958668.53
26553.0,21,3,2.30259,1511958670.2
26577.0,21,3,2.30258,1511958671.81
26598.0,21,3,2.30258,1511958673.33
26617.0,21,3,2.30258,1511958674.96
26638.0,21,3,2.30259,1511958676.6
26657.0,21,3,2.30258,1511958678.14
26678.0,21,3,2.30258,1511958679.88
26701.0,21,3,2.30259,1511958681.39
26719.0,21,3,2.30258,1511958682.91
26740.0,21,3,2.30258,1511958684.42
26761.0,21,3,2.30259,1511958686.12
26782.0,21,3,2.30259,1511958687.77
26804.0,21,3,2.30259,1511958689.44
26827.0,21,3,2.30259,1511958690.96
26846.0,21,3,2.30258,1511958692.53
26868.0,21,3,2.30259,1511958694.3
26893.0,21,3,2.30259,1511958695.86
26912.0,21,3,2.30258,1511958697.41
26932.0,21,3,2.30259,1511958699.06
26954.0,21,3,2.30259,1511958700.59
26975.0,21,3,2.30259,1511958702.15
26996.0,21,3,2.30259,1511958703.68
27016.0,21,3,2.30259,1511958705.19
27036.0,21,3,2.30258,1511958706.93
27060.0,21,3,2.30258,1511958708.41
27077.0,21,3,2.30258,1511958709.99
27098.0,21,3,2.30258,1511958711.49
27116.0,21,3,2.30259,1511958713.03
27135.0,21,3,2.30258,1511958714.52
27154.0,21,3,2.30258,1511958716.02
27174.0,21,3,2.30258,1511958717.57
27195.0,21,3,2.30259,1511958719.19
27217.0,21,3,2.30258,1511958720.74
27239.0,21,3,2.30258,1511958722.28
27258.0,21,3,2.30259,1511958723.81
27279.0,21,3,2.30258,1511958725.33
27298.0,21,3,2.30259,1511958727.09
27318.0,21,3,2.30259,1511958729.05
27346.0,21,3,2.30259,1511958730.7
27369.0,21,3,2.30259,1511958732.3
27388.0,21,3,2.30259,1511958734.04
27411.0,21,3,2.30258,1511958735.62
27433.0,21,3,2.30259,1511958737.18
27453.0,21,3,2.30258,1511958738.77
27474.0,21,3,2.30258,1511958740.34
27494.0,21,3,2.30258,1511958741.98
27515.0,21,3,2.30258,1511958743.6
27537.0,21,3,2.30258,1511958745.12
27558.0,21,3,2.30258,1511958746.71
27578.0,21,3,2.30259,1511958748.31
27599.0,21,3,2.30258,1511958749.82
27619.0,21,3,2.30259,1511958751.38
27641.0,21,3,2.30258,1511958752.85
27659.0,21,3,2.30258,1511958754.4
27679.0,21,3,2.30258,1511958755.95
27698.0,21,3,2.30258,1511958757.5
27718.0,21,3,2.30259,1511958759.25
27740.0,21,3,2.30259,1511958760.83
27762.0,21,3,2.30259,1511958762.48
27783.0,21,3,2.30258,1511958763.92
27803.0,21,3,2.30259,1511958765.5
27822.0,21,3,2.30258,1511958767.08
27842.0,21,3,2.30259,1511958768.65
27862.0,21,3,2.30259,1511958770.13
27881.0,21,3,2.30259,1511958771.74
27903.0,21,3,2.30259,1511958773.24
27923.0,21,3,2.30259,1511958774.77
27944.0,21,3,2.30258,1511958776.32
27965.0,21,3,2.30259,1511958777.89
27985.0,21,3,2.30258,1511958779.46
28005.0,21,3,2.30259,1511958781.08
28027.0,21,3,2.30258,1511958782.69
28048.0,21,3,2.30259,1511958784.43
28068.0,21,3,2.30258,1511958786.2
28090.0,21,3,2.30258,1511958788.08
28114.0,21,3,2.30258,1511958789.68
28135.0,21,3,2.30259,1511958791.31
28156.0,21,3,2.30258,1511958793.02
28178.0,21,3,2.30259,1511958794.52
28198.0,21,3,2.30259,1511958796.09
28220.0,21,3,2.30259,1511958797.68
28242.0,21,3,2.30258,1511958799.2
28262.0,21,3,2.30259,1511958800.95
28283.0,21,3,2.30259,1511958802.39
28303.0,21,3,2.30258,1511958803.96
28323.0,21,3,2.30259,1511958805.62
28345.0,21,3,2.30258,1511958807.1
28365.0,21,3,2.30258,1511958808.77
28386.0,21,3,2.30258,1511958810.41
28407.0,21,3,2.30259,1511958812.02
28429.0,21,3,2.30259,1511958813.66
28451.0,21,3,2.30259,1511958815.3
28471.0,21,3,2.30259,1511958816.83
28492.0,21,3,2.30259,1511958818.4
28513.0,21,3,2.30259,1511958819.99
28534.0,21,3,2.30258,1511958821.76
28555.0,21,3,2.30259,1511958823.36
28577.0,21,3,2.30258,1511958824.93
28598.0,21,3,2.30258,1511958826.6
28621.0,21,3,2.30259,1511958828.14
28641.0,21,3,2.30258,1511958829.93
28664.0,21,3,2.30259,1511958831.44
28683.0,21,3,2.30258,1511958832.95
28703.0,21,3,2.30259,1511958834.51
28724.0,21,3,2.30258,1511958836.09
28744.0,21,3,2.30259,1511958837.69
28765.0,21,3,2.30259,1511958839.31
28786.0,21,3,2.30259,1511958840.89
28806.0,21,3,2.30259,1511958842.39
28826.0,21,3,2.30258,1511958843.99
28847.0,21,3,2.30258,1511958845.47
28866.0,21,3,2.30259,1511958846.93
28885.0,21,3,2.30258,1511958848.7
28908.0,21,3,2.30259,1511958850.25
28926.0,21,3,2.30259,1511958851.85
28947.0,21,3,2.30258,1511958853.35
28967.0,21,3,2.30258,1511958854.94
28988.0,21,3,2.30258,1511958856.49
29008.0,21,3,2.30259,1511958858.04
29028.0,21,3,2.30259,1511958859.56
29049.0,21,3,2.30259,1511958861.06
29069.0,21,3,2.30259,1511958862.67
29090.0,21,3,2.30259,1511958864.27
29111.0,21,3,2.30258,1511958865.8
29132.0,21,3,2.30258,1511958867.38
29153.0,21,3,2.30259,1511958868.85
29172.0,21,3,2.30258,1511958870.41
29192.0,21,3,2.30258,1511958871.96
29213.0,21,3,2.30259,1511958873.71
29235.0,21,3,2.30259,1511958875.22
29256.0,21,3,2.30259,1511958876.71
29277.0,21,3,2.30258,1511958878.34
29298.0,21,3,2.30259,1511958880.01
29319.0,21,3,2.30258,1511958881.53
29340.0,21,3,2.30259,1511958883.01
29357.0,21,3,2.30258,1511958884.54
29377.0,21,3,2.30259,1511958886.13
29397.0,21,3,2.30259,1511958887.84
29421.0,21,3,2.30259,1511958889.3
29439.0,21,3,2.30259,1511958890.8
29458.0,21,3,2.30258,1511958892.36
29477.0,21,3,2.30258,1511958893.89
29498.0,21,3,2.30259,1511958895.59
29521.0,21,3,2.30259,1511958897.08
29542.0,21,3,2.30259,1511958898.61
29563.0,21,3,2.30259,1511958900.1
29582.0,21,3,2.30259,1511958901.77
29602.0,21,3,2.30259,1511958903.61
29628.0,21,3,2.30258,1511958905.23
29649.0,21,3,2.30258,1511958906.88
29671.0,21,3,2.30259,1511958908.37
29690.0,21,3,2.30259,1511958909.92
29710.0,21,3,2.30259,1511958911.51
29732.0,21,3,2.30259,1511958913.17
29753.0,21,3,2.30258,1511958914.75
29774.0,21,3,2.30259,1511958916.23
29795.0,21,3,2.30258,1511958917.78
29817.0,21,3,2.30258,1511958919.27
29834.0,21,3,2.30258,1511958920.92
29856.0,21,3,2.30258,1511958922.59
29876.0,21,3,2.30259,1511958924.15
29898.0,21,3,2.30258,1511958925.78
29920.0,21,3,2.30258,1511958927.29
29938.0,21,3,2.30259,1511958929.12
29963.0,21,3,2.30259,1511958930.71
29984.0,21,3,2.30259,1511958932.27
30005.0,21,3,2.30259,1511958933.92
30026.0,21,3,2.30258,1511958935.39
30045.0,21,3,2.30259,1511958937.21
30068.0,21,3,2.30259,1511958938.7
30089.0,21,3,2.30259,1511958940.22
30110.0,21,3,2.30258,1511958941.85
30130.0,21,3,2.30258,1511958943.36
30151.0,21,3,2.30258,1511958945.15
30173.0,21,3,2.30259,1511958946.84
30194.0,21,3,2.30259,1511958948.38
30214.0,21,3,2.30259,1511958949.95
30235.0,21,3,2.30259,1511958951.5
30256.0,21,3,2.30258,1511958953.06
30276.0,21,3,2.30258,1511958954.61
30296.0,21,3,2.30258,1511958956.32
30318.0,21,3,2.30258,1511958957.85
30340.0,21,3,2.30259,1511958959.57
30362.0,21,3,2.30259,1511958961.15
30382.0,21,3,2.30259,1511958963.07
30406.0,21,3,2.30258,1511958964.85
30429.0,21,3,2.30258,1511958966.46
30449.0,21,3,2.30259,1511958968.1
30472.0,21,3,2.30259,1511958969.57
30491.0,21,3,2.30258,1511958971.14
30512.0,21,3,2.30258,1511958972.63
30529.0,21,3,2.30259,1511958974.17
30550.0,21,3,2.30259,1511958975.76
30571.0,21,3,2.30258,1511958977.34
30593.0,21,3,2.30258,1511958978.88
30613.0,21,3,2.30259,1511958980.4
30633.0,21,3,2.30259,1511958982.01
30654.0,21,3,2.30259,1511958983.54
30675.0,21,3,2.30258,1511958985.18
30696.0,21,3,2.30258,1511958986.74
30717.0,21,3,2.30258,1511958988.27
30738.0,21,3,2.30258,1511958989.83
30758.0,21,3,2.30259,1511958991.45
30779.0,21,3,2.30258,1511958993.0
30799.0,21,3,2.30258,1511958994.52
30820.0,21,3,2.30259,1511958996.11
30841.0,21,3,2.30259,1511958997.69
30862.0,21,3,2.30258,1511958999.29
30882.0,21,3,2.30258,1511959000.9
30902.0,21,3,2.30258,1511959002.57
30924.0,21,3,2.30258,1511959004.08
30944.0,21,3,2.30259,1511959005.61
30965.0,21,3,2.30259,1511959007.44
30986.0,21,3,2.30259,1511959009.37
31013.0,21,3,2.30258,1511959010.82
31033.0,21,3,2.30259,1511959012.38
31052.0,21,3,2.30259,1511959014.09
31075.0,21,3,2.30258,1511959015.79
31099.0,21,3,2.30259,1511959017.26
31117.0,21,3,2.30258,1511959019.13
31143.0,21,3,2.30258,1511959020.66
31163.0,21,3,2.30259,1511959022.26
31184.0,21,3,2.30259,1511959023.78
31202.0,21,3,2.30259,1511959025.49
31223.0,21,3,2.30259,1511959027.29
31245.0,21,3,2.30258,1511959028.82
31266.0,21,3,2.30259,1511959030.36
31286.0,21,3,2.30258,1511959031.94
31306.0,21,3,2.30258,1511959033.62
31329.0,21,3,2.30259,1511959035.2
31350.0,21,3,2.30259,1511959036.77
31371.0,21,3,2.30258,1511959038.29
31391.0,21,3,2.30258,1511959039.83
31411.0,21,3,2.30258,1511959041.33
31430.0,21,3,2.30259,1511959042.82
31450.0,21,3,2.30259,1511959044.46
31469.0,21,3,2.30259,1511959046.02
31492.0,21,3,2.30258,1511959047.56
31512.0,21,3,2.30258,1511959049.3
31533.0,21,3,2.30259,1511959050.87
31554.0,21,3,2.30258,1511959052.41
31575.0,21,3,2.30258,1511959054.2
31598.0,21,3,2.30258,1511959055.74
31619.0,21,3,2.30258,1511959057.48
31639.0,21,3,2.30258,1511959059.0
31659.0,21,3,2.30258,1511959060.56
31680.0,21,3,2.30259,1511959062.19
31701.0,21,3,2.30258,1511959063.75
31721.0,21,3,2.30259,1511959065.31
31742.0,21,3,2.30259,1511959066.81
31760.0,21,3,2.30258,1511959068.37
31781.0,21,3,2.30258,1511959069.94
31801.0,21,3,2.30258,1511959071.57
31823.0,21,3,2.30258,1511959073.28
31844.0,21,3,2.30259,1511959074.84
31864.0,21,3,2.30258,1511959076.43
31885.0,21,3,2.30259,1511959077.9
31904.0,21,3,2.30258,1511959079.77
31928.0,21,3,2.30259,1511959081.32
31948.0,21,3,2.30259,1511959082.83
31967.0,21,3,2.30258,1511959084.53
31989.0,21,3,2.30259,1511959086.09
32012.0,21,3,2.30259,1511959087.65
32033.0,21,3,2.30258,1511959089.19
32053.0,21,3,2.30259,1511959090.66
32073.0,21,3,2.30258,1511959092.23
32093.0,21,3,2.30258,1511959093.78
32114.0,21,3,2.30259,1511959095.3
32134.0,21,3,2.30259,1511959096.87
32155.0,21,3,2.30259,1511959098.43
32175.0,21,3,2.30258,1511959099.92
32193.0,21,3,2.30259,1511959101.53
32217.0,21,3,2.30259,1511959103.13
32238.0,21,3,2.30258,1511959104.77
32258.0,21,3,2.30258,1511959106.36
32276.0,21,3,2.30258,1511959108.05
32301.0,21,3,2.30259,1511959109.78
32323.0,21,3,2.30258,1511959111.29
32343.0,21,3,2.30258,1511959113.01
32367.0,21,3,2.30258,1511959114.6
32389.0,21,3,2.30258,1511959116.28
32409.0,21,3,2.30259,1511959118.01
32433.0,21,3,2.30258,1511959119.73
32454.0,21,3,2.30259,1511959121.38
32476.0,21,3,2.30259,1511959122.9
32496.0,21,3,2.30259,1511959124.5
32518.0,21,3,2.30259,1511959126.08
32538.0,21,3,2.30259,1511959127.63
32558.0,21,3,2.30259,1511959129.27
32580.0,21,3,2.30259,1511959130.8
32600.0,21,3,2.30258,1511959132.49
32623.0,21,3,2.30259,1511959134.13
32645.0,21,3,2.30259,1511959135.74
32665.0,21,3,2.30259,1511959137.27
32686.0,21,3,2.30259,1511959138.89
32707.0,21,3,2.30259,1511959140.39
32728.0,21,3,2.30258,1511959141.99
32749.0,21,3,2.30258,1511959143.64
32770.0,21,3,2.30258,1511959145.35
32792.0,21,3,2.30258,1511959146.88
32812.0,21,3,2.30258,1511959148.37
32829.0,21,3,2.30259,1511959149.88
32850.0,21,3,2.30259,1511959151.43
32870.0,21,3,2.30258,1511959152.95
32891.0,21,3,2.30258,1511959154.71
32912.0,21,3,2.30259,1511959156.23
32933.0,21,3,2.30258,1511959157.99
32957.0,21,3,2.30258,1511959159.56
32975.0,21,3,2.30258,1511959161.03
32996.0,21,3,2.30259,1511959162.57
33016.0,21,3,2.30258,1511959164.12
33037.0,21,3,2.30258,1511959165.85
33060.0,21,3,2.30259,1511959167.48
33082.0,21,3,2.30259,1511959169.05
33102.0,21,3,2.30259,1511959170.61
33121.0,21,3,2.30258,1511959172.13
33142.0,21,3,2.30259,1511959173.83
33165.0,21,3,2.30259,1511959175.51
33187.0,21,3,2.30258,1511959177.1
33207.0,21,3,2.30259,1511959178.57
33226.0,21,3,2.30258,1511959180.17
33247.0,21,3,2.30259,1511959181.8
33269.0,21,3,2.30259,1511959183.28
33289.0,21,3,2.30259,1511959184.91
33310.0,21,3,2.30258,1511959186.48
33331.0,21,3,2.30259,1511959188.01
33352.0,21,3,2.30258,1511959189.5
33372.0,21,3,2.30259,1511959191.09
33394.0,21,3,2.30259,1511959192.66
33413.0,21,3,2.30258,1511959194.27
33434.0,21,3,2.30259,1511959195.79
33454.0,21,3,2.30259,1511959197.44
33477.0,21,3,2.30258,1511959198.96
33496.0,21,3,2.30259,1511959200.61
33517.0,21,3,2.30258,1511959202.09
33534.0,21,3,2.30258,1511959203.64
33554.0,21,3,2.30258,1511959205.16
33575.0,21,3,2.30258,1511959206.73
33597.0,21,3,2.30259,1511959208.36
33618.0,21,3,2.30259,1511959210.21
33641.0,21,3,2.30259,1511959211.88
33663.0,21,3,2.30258,1511959213.58
33685.0,21,3,2.30258,1511959215.12
33705.0,21,3,2.30258,1511959216.79
33728.0,21,3,2.30258,1511959218.48
33751.0,21,3,2.30259,1511959220.24
33773.0,21,3,2.30259,1511959221.8
33792.0,21,3,2.30259,1511959223.4
33813.0,21,3,2.30259,1511959224.97
33835.0,21,3,2.30259,1511959226.46
33855.0,21,3,2.30258,1511959228.03
33875.0,21,3,2.30259,1511959229.59
33896.0,21,3,2.30258,1511959231.09
33916.0,21,3,2.30259,1511959232.58
33936.0,21,3,2.30258,1511959234.21
33955.0,21,3,2.30258,1511959235.8
33975.0,21,3,2.30259,1511959237.35
33996.0,21,3,2.30259,1511959238.85
34016.0,21,3,2.30259,1511959240.41
34036.0,21,3,2.30259,1511959242.19
34060.0,21,3,2.30259,1511959243.75
34082.0,21,3,2.30258,1511959245.44
34103.0,21,3,2.30259,1511959246.97
34123.0,21,3,2.30258,1511959248.58
34143.0,21,3,2.30258,1511959250.08
34164.0,21,3,2.30258,1511959251.59
34185.0,21,3,2.30259,1511959253.09
34204.0,21,3,2.30258,1511959254.8
34226.0,21,3,2.30259,1511959256.55
34250.0,21,3,2.30258,1511959258.16
34272.0,21,3,2.30259,1511959259.83
34293.0,21,3,2.30259,1511959261.66
34314.0,21,3,2.30259,1511959263.17
34334.0,21,3,2.30259,1511959265.03
34358.0,21,3,2.30258,1511959266.63
34379.0,21,3,2.30258,1511959268.21
34400.0,21,3,2.30259,1511959269.86
34422.0,21,3,2.30259,1511959271.48
34443.0,21,3,2.30258,1511959273.03
34464.0,21,3,2.30258,1511959274.74
34486.0,21,3,2.30258,1511959276.48
34510.0,21,3,2.30259,1511959277.99
34531.0,21,3,2.30258,1511959279.59
34551.0,21,3,2.30259,1511959281.08
34571.0,21,3,2.30259,1511959282.91
34594.0,21,3,2.30259,1511959284.39
34614.0,21,3,2.30259,1511959285.93
34633.0,21,3,2.30259,1511959287.6
34654.0,21,3,2.30259,1511959289.36
34678.0,21,3,2.30258,1511959290.92
34700.0,21,3,2.30258,1511959292.43
34719.0,21,3,2.30259,1511959294.17
34741.0,21,3,2.30259,1511959295.84
34763.0,21,3,2.30258,1511959297.68
34787.0,21,3,2.30258,1511959299.32
34808.0,21,3,2.30259,1511959300.84
34828.0,21,3,2.30258,1511959302.35
34849.0,21,3,2.30258,1511959303.87
34867.0,21,3,2.30258,1511959305.65
34890.0,21,3,2.30258,1511959307.19
34910.0,21,3,2.30258,1511959308.74
34931.0,21,3,2.30259,1511959310.24
34951.0,21,3,2.30259,1511959311.73
34970.0,21,3,2.30258,1511959313.36
34991.0,21,3,2.30259,1511959314.88
35010.0,21,3,2.30259,1511959316.44
35030.0,21,3,2.30258,1511959317.98
35049.0,21,3,2.30258,1511959319.62
35071.0,21,3,2.30259,1511959321.29
35093.0,21,3,2.30258,1511959322.86
35115.0,21,3,2.30258,1511959324.42
35134.0,21,3,2.30259,1511959325.96
35154.0,21,3,2.30259,1511959327.73
35175.0,21,3,2.30258,1511959329.4
35198.0,21,3,2.30259,1511959331.01
35219.0,21,3,2.30259,1511959332.6
35240.0,21,3,2.30258,1511959334.38
35265.0,21,3,2.30259,1511959335.95
35286.0,21,3,2.30258,1511959337.59
35307.0,21,3,2.30258,1511959339.34
35331.0,21,3,2.30259,1511959340.97
35352.0,21,3,2.30259,1511959342.54
35373.0,21,3,2.30259,1511959344.08
35393.0,21,3,2.30259,1511959345.76
35414.0,21,3,2.30259,1511959347.35
35436.0,21,3,2.30259,1511959348.93
35456.0,21,3,2.30259,1511959350.47
35473.0,21,3,2.30258,1511959352.21
35497.0,21,3,2.30258,1511959353.84
35520.0,21,3,2.30258,1511959355.4
35541.0,21,3,2.30259,1511959357.07
35562.0,21,3,2.30258,1511959358.57
35582.0,21,3,2.30258,1511959360.06
35601.0,21,3,2.30258,1511959361.64
35622.0,21,3,2.30258,1511959363.28
35643.0,21,3,2.30258,1511959364.88
35664.0,21,3,2.30258,1511959366.73
35689.0,21,3,2.30259,1511959368.27
35710.0,21,3,2.30258,1511959369.79
35728.0,21,3,2.30259,1511959371.4
35749.0,21,3,2.30258,1511959372.98
35769.0,21,3,2.30259,1511959374.42
35788.0,21,3,2.30259,1511959375.94
35807.0,21,3,2.30258,1511959377.68
35830.0,21,3,2.30259,1511959379.26
35851.0,21,3,2.30259,1511959380.79
35869.0,21,3,2.30258,1511959382.52
35893.0,21,3,2.30259,1511959384.33
35918.0,21,3,2.30259,1511959385.97
35941.0,21,3,2.30258,1511959387.76
35962.0,21,3,2.30259,1511959389.36
35983.0,21,3,2.30258,1511959390.96
36003.0,21,3,2.30259,1511959392.5
36024.0,21,3,2.30258,1511959394.06
36044.0,21,3,2.30258,1511959395.83
36066.0,21,3,2.30258,1511959397.45
36086.0,21,3,2.30258,1511959398.99
36106.0,21,3,2.30258,1511959400.54
36125.0,21,3,2.30259,1511959402.08
36146.0,21,3,2.30259,1511959403.65
36167.0,21,3,2.30259,1511959405.15
36187.0,21,3,2.30259,1511959406.72
36208.0,21,3,2.30259,1511959408.19
36228.0,21,3,2.30259,1511959409.74
36249.0,21,3,2.30259,1511959411.29
36268.0,21,3,2.30259,1511959413.0
36289.0,21,3,2.30259,1511959414.48
36309.0,21,3,2.30259,1511959416.06
36329.0,21,3,2.30258,1511959417.96
36356.0,21,3,2.30259,1511959419.48
36375.0,21,3,2.30259,1511959421.05
36396.0,21,3,2.30258,1511959422.61
36415.0,21,3,2.30259,1511959424.16
36436.0,21,3,2.30258,1511959425.91
36459.0,21,3,2.30259,1511959427.48
36480.0,21,3,2.30258,1511959429.18
36502.0,21,3,2.30259,1511959430.8
36522.0,21,3,2.30258,1511959432.28
36541.0,21,3,2.30258,1511959433.85
36563.0,21,3,2.30259,1511959435.36
36582.0,21,3,2.30259,1511959437.18
36604.0,21,3,2.30258,1511959438.69
36625.0,21,3,2.30259,1511959440.32
36647.0,21,3,2.30258,1511959442.03
36669.0,21,3,2.30259,1511959443.52
36689.0,21,3,2.30259,1511959445.11
36709.0,21,3,2.30258,1511959446.62
36729.0,21,3,2.30259,1511959448.36
36751.0,21,3,2.30259,1511959449.96
36772.0,21,3,2.30258,1511959451.42
36791.0,21,3,2.30258,1511959453.22
36816.0,21,3,2.30258,1511959454.98
36838.0,21,3,2.30259,1511959456.52
36859.0,21,3,2.30259,1511959458.06
36880.0,21,3,2.30258,1511959459.64
36900.0,21,3,2.30258,1511959461.68
36925.0,21,3,2.30259,1511959463.23
36946.0,21,3,2.30259,1511959464.8
36966.0,21,3,2.30258,1511959466.37
36987.0,21,3,2.30258,1511959468.11
37009.0,21,3,2.30258,1511959469.86
37032.0,21,3,2.30259,1511959471.42
37053.0,21,3,2.30258,1511959473.11
37075.0,21,3,2.30259,1511959474.66
37095.0,21,3,2.30258,1511959476.25
37117.0,21,3,2.30258,1511959477.86
37139.0,21,3,2.30258,1511959479.39
37158.0,21,3,2.30259,1511959480.93
37179.0,21,3,2.30258,1511959482.45
37196.0,21,3,2.30259,1511959484.05
37218.0,21,3,2.30259,1511959485.56
37239.0,21,3,2.30259,1511959487.07
37259.0,21,3,2.30258,1511959488.64
37279.0,21,3,2.30259,1511959490.24
37299.0,21,3,2.30259,1511959491.74
37318.0,21,3,2.30258,1511959493.41
37339.0,21,3,2.30259,1511959494.96
37360.0,21,3,2.30258,1511959496.42
37380.0,21,3,2.30259,1511959497.97
37400.0,21,3,2.30258,1511959499.65
37424.0,21,3,2.30258,1511959501.2
37445.0,21,3,2.30259,1511959502.81
37466.0,21,3,2.30258,1511959504.31
37483.0,21,3,2.30258,1511959505.86
37503.0,21,3,2.30258,1511959507.49
37526.0,21,3,2.30258,1511959509.1
37546.0,21,3,2.30259,1511959510.85
37569.0,21,3,2.30258,1511959512.46
37592.0,21,3,2.30259,1511959514.04
37613.0,21,3,2.30259,1511959515.62
37635.0,21,3,2.30258,1511959517.23
37655.0,21,3,2.30259,1511959518.77
37675.0,21,3,2.30258,1511959520.3
37696.0,21,3,2.30259,1511959521.8
37716.0,21,3,2.30259,1511959523.36
37736.0,21,3,2.30259,1511959524.9
37757.0,21,3,2.30258,1511959526.45
37777.0,21,3,2.30259,1511959527.93
37796.0,21,3,2.30259,1511959529.53
37816.0,21,3,2.30259,1511959531.15
37837.0,21,3,2.30259,1511959532.66
37856.0,21,3,2.30259,1511959534.12
37873.0,21,3,2.30259,1511959535.58
37892.0,21,3,2.30259,1511959537.36
37916.0,21,3,2.30259,1511959538.9
37935.0,21,3,2.30258,1511959540.52
37957.0,21,3,2.30259,1511959542.1
37978.0,21,3,2.30258,1511959543.62
37997.0,21,3,2.30259,1511959545.16
38019.0,21,3,2.30258,1511959546.72
38039.0,21,3,2.30259,1511959548.47
38061.0,21,3,2.30258,1511959550.05
38083.0,21,3,2.30259,1511959551.65
38103.0,21,3,2.30258,1511959553.22
38124.0,21,3,2.30259,1511959554.78
38145.0,21,3,2.30259,1511959556.32
38165.0,21,3,2.30258,1511959557.89
38185.0,21,3,2.30259,1511959559.43
38206.0,21,3,2.30258,1511959561.39
38232.0,21,3,2.30258,1511959563.01
38254.0,21,3,2.30259,1511959564.51
38274.0,21,3,2.30259,1511959566.09
38295.0,21,3,2.30258,1511959567.54
38312.0,21,3,2.30258,1511959569.07
38331.0,21,3,2.30258,1511959570.58
38351.0,21,3,2.30258,1511959572.1
38372.0,21,3,2.30259,1511959573.73
38393.0,21,3,2.30259,1511959575.3
38413.0,21,3,2.30259,1511959576.82
38434.0,21,3,2.30258,1511959578.44
38455.0,21,3,2.30259,1511959580.08
38476.0,21,3,2.30258,1511959581.59
38496.0,21,3,2.30259,1511959583.11
38515.0,21,3,2.30259,1511959584.6
38536.0,21,3,2.30259,1511959586.2
38557.0,21,3,2.30259,1511959587.9
38581.0,21,3,2.30259,1511959589.5
38603.0,21,3,2.30259,1511959591.08
38623.0,21,3,2.30258,1511959592.63
38645.0,21,3,2.30259,1511959594.16
38665.0,21,3,2.30258,1511959595.91
38686.0,21,3,2.30259,1511959597.47
38707.0,21,3,2.30258,1511959599.25
38728.0,21,3,2.30258,1511959600.87
38749.0,21,3,2.30259,1511959602.41
38770.0,21,3,2.30258,1511959603.93
38790.0,21,3,2.30259,1511959605.46
38811.0,21,3,2.30259,1511959607.13
38832.0,21,3,2.30258,1511959608.69
38854.0,21,3,2.30259,1511959610.27
38874.0,21,3,2.30259,1511959611.77
38895.0,21,3,2.30258,1511959613.24
38915.0,21,3,2.30258,1511959614.86
38936.0,21,3,2.30259,1511959616.32
38955.0,21,3,2.30259,1511959618.01
38978.0,21,3,2.30259,1511959619.55
38998.0,21,3,2.30258,1511959621.23
39019.0,21,3,2.30259,1511959622.74
39038.0,21,3,2.30259,1511959624.27
39058.0,21,3,2.30258,1511959626.05
39081.0,21,3,2.30259,1511959627.6
39101.0,21,3,2.30258,1511959629.16
39121.0,21,3,2.30259,1511959630.93
39143.0,21,3,2.30259,1511959632.47
39163.0,21,3,2.30258,1511959633.97
39182.0,21,3,2.30258,1511959635.52
39203.0,21,3,2.30259,1511959636.98
39224.0,21,3,2.30258,1511959638.52
39245.0,21,3,2.30259,1511959640.03
39265.0,21,3,2.30259,1511959642.03
39287.0,21,3,2.30259,1511959643.63
39308.0,21,3,2.30259,1511959645.12
39328.0,21,3,2.30258,1511959646.64
39348.0,21,3,2.30258,1511959648.26
39368.0,21,3,2.30258,1511959649.77
39390.0,21,3,2.30259,1511959651.55
39413.0,21,3,2.30259,1511959653.16
39434.0,21,3,2.30258,1511959654.66
39454.0,21,3,2.30259,1511959656.35
39474.0,21,3,2.30258,1511959657.93
39495.0,21,3,2.30259,1511959659.5
39516.0,21,3,2.30259,1511959661.0
39537.0,21,3,2.30259,1511959662.73
39559.0,21,3,2.30259,1511959664.26
39580.0,21,3,2.30259,1511959665.8
39601.0,21,3,2.30259,1511959667.55
39624.0,21,3,2.30259,1511959669.2
39645.0,21,3,2.30259,1511959670.78
39666.0,21,3,2.30258,1511959672.29
39687.0,21,3,2.30259,1511959673.88
39708.0,21,3,2.30259,1511959675.65
39729.0,21,3,2.30258,1511959677.19
39750.0,21,3,2.30259,1511959678.69
39769.0,21,3,2.30259,1511959680.39
39790.0,21,3,2.30259,1511959682.27
39816.0,21,3,2.30259,1511959683.95
39836.0,21,3,2.30259,1511959685.47
39855.0,21,3,2.30259,1511959686.95
39874.0,21,3,2.30258,1511959688.58
39896.0,21,3,2.30258,1511959690.42
39921.0,21,3,2.30259,1511959691.99
39941.0,21,3,2.30259,1511959693.6
39961.0,21,3,2.30258,1511959695.18
39983.0,21,3,2.30258,1511959696.73
40004.0,21,3,2.30258,1511959698.28
40025.0,21,3,2.30258,1511959699.86
40045.0,21,3,2.30259,1511959701.45
40066.0,21,3,2.30258,1511959703.02
40086.0,21,3,2.30259,1511959704.59
40105.0,21,3,2.30259,1511959706.11
40123.0,21,3,2.30259,1511959707.92
40150.0,21,3,2.30259,1511959709.63
40172.0,21,3,2.30258,1511959711.19
40192.0,21,3,2.30259,1511959712.88
40214.0,21,3,2.30259,1511959714.45
40235.0,21,3,2.30259,1511959716.29
40257.0,21,3,2.30259,1511959717.89
40278.0,21,3,2.30258,1511959719.49
40299.0,21,3,2.30259,1511959721.01
40318.0,21,3,2.30258,1511959722.71
40340.0,21,3,2.30258,1511959724.25
40361.0,21,3,2.30258,1511959725.77
40382.0,21,3,2.30258,1511959727.36
40402.0,21,3,2.30258,1511959728.87
40422.0,21,3,2.30259,1511959730.45
40443.0,21,3,2.30259,1511959732.08
40464.0,21,3,2.30258,1511959733.53
40482.0,21,3,2.30258,1511959735.08
40501.0,21,3,2.30258,1511959736.61
40522.0,21,3,2.30259,1511959738.13
40542.0,21,3,2.30259,1511959739.67
40561.0,21,3,2.30259,1511959741.36
40582.0,21,3,2.30258,1511959742.93
40603.0,21,3,2.30258,1511959744.66
40627.0,21,3,2.30259,1511959746.26
40647.0,21,3,2.30259,1511959747.89
40669.0,21,3,2.30258,1511959749.54
40691.0,21,3,2.30258,1511959751.08
40710.0,21,3,2.30258,1511959752.71
40730.0,21,3,2.30258,1511959754.22
40747.0,21,3,2.30259,1511959755.76
40769.0,21,3,2.30259,1511959757.31
40787.0,21,3,2.30258,1511959758.88
40809.0,21,3,2.30259,1511959760.53
40830.0,21,3,2.30258,1511959762.1
40851.0,21,3,2.30258,1511959763.62
40871.0,21,3,2.30259,1511959765.34
40893.0,21,3,2.30259,1511959766.95
40913.0,21,3,2.30259,1511959768.54
40934.0,21,3,2.30258,1511959770.12
40955.0,21,3,2.30259,1511959771.61
40974.0,21,3,2.30259,1511959773.07
40995.0,21,3,2.30258,1511959774.81
41017.0,21,3,2.30259,1511959776.31
41037.0,21,3,2.30258,1511959777.81
41058.0,21,3,2.30258,1511959779.56
41081.0,21,3,2.30258,1511959781.08
41098.0,21,3,2.30259,1511959782.65
41120.0,21,3,2.30258,1511959784.16
41140.0,21,3,2.30258,1511959785.84
41163.0,21,3,2.30259,1511959787.51
41185.0,21,3,2.30258,1511959788.97
41201.0,21,3,2.30259,1511959790.58
41223.0,21,3,2.30259,1511959792.44
41246.0,21,3,2.30259,1511959794.06
41266.0,21,3,2.30259,1511959795.63
41287.0,21,3,2.30258,1511959797.2
41307.0,21,3,2.30258,1511959798.77
41329.0,21,3,2.30259,1511959800.29
41348.0,21,3,2.30259,1511959801.95
41373.0,21,3,2.30259,1511959803.55
41392.0,21,3,2.30259,1511959805.06
41412.0,21,3,2.30258,1511959806.58
41431.0,21,3,2.30258,1511959808.12
41451.0,21,3,2.30258,1511959809.85
41475.0,21,3,2.30259,1511959811.46
41496.0,21,3,2.30258,1511959813.08
41517.0,21,3,2.30259,1511959814.62
41535.0,21,3,2.30259,1511959816.14
41557.0,21,3,2.30258,1511959817.91
41580.0,21,3,2.30259,1511959819.45
41601.0,21,3,2.30259,1511959821.11
41619.0,21,3,2.30259,1511959822.72
41642.0,21,3,2.30258,1511959824.26
41662.0,21,3,2.30258,1511959825.82
41683.0,21,3,2.30258,1511959827.57
41708.0,21,3,2.30258,1511959829.27
41727.0,21,3,2.30258,1511959830.88
41747.0,21,3,2.30258,1511959832.57
41770.0,21,3,2.30258,1511959834.31
41792.0,21,3,2.30259,1511959836.04
41815.0,21,3,2.30258,1511959837.79
41837.0,21,3,2.30259,1511959839.6
41859.0,21,3,2.30259,1511959841.04
41879.0,21,3,2.30259,1511959842.9
41901.0,21,3,2.30258,1511959844.54
41922.0,21,3,2.30258,1511959846.14
41943.0,21,3,2.30258,1511959847.83
41967.0,21,3,2.30259,1511959849.35
41987.0,21,3,2.30258,1511959850.84
42007.0,21,3,2.30258,1511959852.66
42031.0,21,3,2.30259,1511959854.33
42053.0,21,3,2.30259,1511959855.99
42073.0,21,3,2.30258,1511959857.62
42094.0,21,3,2.30259,1511959859.3
42119.0,21,3,2.30258,1511959860.86
42138.0,21,3,2.30259,1511959862.51
42158.0,21,3,2.30258,1511959864.41
42185.0,21,3,2.30259,1511959865.98
42205.0,21,3,2.30258,1511959867.56
42226.0,21,3,2.30259,1511959869.03
42245.0,21,3,2.30259,1511959870.69
42266.0,21,3,2.30259,1511959872.25
42287.0,21,3,2.30259,1511959873.81
42307.0,21,3,2.30259,1511959875.71
42331.0,21,3,2.30259,1511959877.3
42353.0,21,3,2.30258,1511959878.86
42374.0,21,3,2.30258,1511959880.47
42396.0,21,3,2.30259,1511959882.08
42416.0,21,3,2.30258,1511959883.76
42437.0,21,3,2.30258,1511959885.44
42459.0,21,3,2.30259,1511959887.06
42481.0,21,3,2.30258,1511959888.63
42502.0,21,3,2.30259,1511959890.37
42525.0,21,3,2.30259,1511959891.85
42543.0,21,3,2.30259,1511959893.37
42563.0,21,3,2.30258,1511959894.93
42582.0,21,3,2.30259,1511959896.49
42603.0,21,3,2.30259,1511959898.08
42624.0,21,3,2.30259,1511959899.68
42645.0,21,3,2.30258,1511959901.24
42665.0,21,3,2.30258,1511959902.75
42686.0,21,3,2.30259,1511959904.4
42709.0,21,3,2.30259,1511959905.87
42727.0,21,3,2.30259,1511959907.45
42747.0,21,3,2.30258,1511959909.16
42771.0,21,3,2.30258,1511959910.73
42792.0,21,3,2.30259,1511959912.23
42811.0,21,3,2.30259,1511959913.84
42832.0,21,3,2.30259,1511959915.41
42853.0,21,3,2.30258,1511959917.25
42875.0,21,3,2.30258,1511959918.73
42896.0,21,3,2.30258,1511959920.31
42917.0,21,3,2.30258,1511959921.92
42938.0,21,3,2.30259,1511959923.48
42959.0,21,3,2.30258,1511959925.04
42976.0,21,3,2.30258,1511959926.61
42999.0,21,3,2.30258,1511959928.41
43023.0,21,3,2.30258,1511959930.2
43045.0,21,3,2.30258,1511959931.75
43066.0,21,3,2.30258,1511959933.34
43087.0,21,3,2.30258,1511959935.05
43108.0,21,3,2.30259,1511959936.57
43128.0,21,3,2.30259,1511959938.12
43149.0,21,3,2.30259,1511959939.69
43170.0,21,3,2.30258,1511959941.2
43190.0,21,3,2.30259,1511959942.7
43210.0,21,3,2.30259,1511959944.28
43230.0,21,3,2.30258,1511959945.9
43251.0,21,3,2.30259,1511959947.58
43272.0,21,3,2.30259,1511959949.1
43293.0,21,3,2.30258,1511959950.61
43313.0,21,3,2.30258,1511959952.65
43338.0,21,3,2.30259,1511959954.32
43359.0,21,3,2.30259,1511959955.93
43380.0,21,3,2.30259,1511959957.5
43403.0,21,3,2.30259,1511959959.0
43420.0,21,3,2.30259,1511959960.51
43439.0,21,3,2.30258,1511959961.99
43457.0,21,3,2.30258,1511959963.56
43477.0,21,3,2.30259,1511959965.05
43497.0,21,3,2.30258,1511959966.79
43521.0,21,3,2.30259,1511959968.38
43540.0,21,3,2.30258,1511959970.06
43562.0,21,3,2.30258,1511959971.78
